label;text
ham;Willkommen im Team
spam;3 böse Ernährungsfehler vermeiden
ham;Welcome to NetIO!
spam;Training gegen Schwachstellen
spam;Leckeres Fitnessrezept
spam;3 Tipps für deinen flachen Bauch
spam;5 Fehler, die dein Sixpack direkt ruinieren
spam;So verbrennst du dein Bauchfett
spam;Isle of Summer II - Save your Tickets
spam;3 Schritte zur perfekten Trainingsmethode
spam;11 Tricks, um dein Bauchfett zu überlisten
spam;Dein durchtrainiertes Sixpack verschwindet bald.
ham;Ihre Amazon.de Bestellung von 2 x Mundschutz - Single
ham;Ihre Bestellung bei Fight4Less.de
ham;Sie haben eine Zahlung gesendet
ham;Vielen Dank für Ihren Einkauf  Ihre Auftragsnummer lautet 90511
ham;Ihre Amazon.de Bestellung von 2 x Mundschutz - Single wurde versandt!
ham;Gute Nachrichten Ihre Bestellung ist unterwegs!
ham;Ihre Bestellung bei Fight4Less.de vom 13.06.2015 10:09:54 wurde versandt
ham;Siemens Industry Customer Services: Bestätigung ihrer Registrierung
ham;Möchten Sie Ihre Transaktion bei Amazon.de bewerten?
spam;Top-Angebote & Restposten aus Elektronik
spam;10 Euro Gutschein für Ihre Buchung bei airberlin oder GetYourGuide sichern
spam;Brauchen deine Muskeln meine Hilfe?
ham;Änderungen an unseren Nutzungsbedingungen und Datenschutzbestimmungen
ham;PayPal-Kontoübersicht für Juni 2015 – Ihre letzten Zahlungen
ham;Contact Electronic Indoor Festival – 04.&05. Dez. - Save your Tix
ham;Fwd: Einladung Mitgliederversammlung FS Team Becker e.V. 2.10.15
ham;Ihre Bestellung bei bio-apo.de
ham;Bestätigung Ihrer Zahlung an Pestalozzi-Apotheke
ham;Deine Bestellung im SMILODOX-SHOP
ham;Bestätigung Ihrer Zahlung an SMILODOX
ham;Lieferung aus mehreren Lagern
ham;Hier ist die Rechnung zu deiner Order-ID 28426 vom 12.09.2015 22:22:23
ham;Deine Bestellung wurde versandt!  Order-ID 28431
ham;PayPal-Kontoübersicht für August 2015
spam;iPhone 6s - Schneller als je zuvor.
ham;Haben Sie noch Fragen zu Ihrer gelieferten Bestellung vom 10.09.2015
ham;Danke für die Registrierung
ham;Sie haben eine Bestellung über 8,26 EUR an THE HUT.COM LIMITED gesendet
ham;Myprotein Bestellbestätigung
ham;Ihre Bestellung wurde versandt
spam;Letzte Chance: Kaufe eins, Zweites zum halben Preis
spam;Jetzt neu: Ihr persönlicher Link, um Geld empfangen zu können - PayPal.Me
spam;BODY IP by Simon Teichmann: Wie viele Kalorien für den Masse-Aufbau?
ham;Rückzahlung von SMILODOX
ham;Ihre Amazon.de Bestellung von Bilder
ham;Bezüglich Ihre letzte Bestellung
ham;Sie haben eine Bestellung über 39,58 EUR an THE HUT.COM LIMITED gesendet
ham;Myprotein Bestellbestätigung
ham;Ihre Bestellung wurde versandt
ham;Your order has been dispatched
ham;Bestätigung Ihrer PayPal-Zahlung an Fortis Tomasz Jakubow
ham;bilder&dekoration: Versandbestätigung: 305-6227594-3795563
ham;Ihre Amazon.de Bestellung von Bilder - 3 Farben zur wurde versandt!
ham;Deine Bestellung wurde versandt!  Order-ID 36317
ham;Hier ist die Rechnung zu deiner Order-ID 36317 vom 09.10.2015 13:33:58
spam;BODY IP by Simon Teichmann: Simons Rezept: TassenKuchen für mehr Muskeln und weitere Videos
ham;Aktiviere Deinen Fddb Account
ham;Willkommen bei Fddb
spam;Reality LED Schrank Aufbaulampe
ham;Willkommen bei Wix! Beginnen Sie Ihre Website zu erstellen.
spam;Reifen: So wichtig ist der richtige Druck
spam;SÜßES oder SAURES! 30% auf alles oder 40% auf Snacks
spam;LE® 3.5W MR16 GU10 LED Lampen
spam;BODY IP by Simon Teichmann: Post Workout Meal - Bananen Graupen und weitere Videos
ham;Sie haben Guthaben auf Ihrem PayPal-Konto
ham;Benachrichtigung über automatische Erneuerung für Gold – 12 Monate
spam;Cyber Monday Angebote des Tages: 26.11.2015
spam;Klicke jetzt nur noch 1x, um sofort Bescheid zu bekommen wenn das koch dich krass-Buch da ist.
spam;BLACK FRIDAY | Unfassbare 70% Rabatt PLUS 10% EXTRA
spam;Nur noch heute: Cyber Monday Woche
spam;Haben Sie keinen FlavDrops, Banane, Flasche, 50 ml mehr?
spam;Sichere dir 30% Rabatt und Gratis Barrel Bag + bis zu 50% auf Bekleidung
spam;Ikarus Festival 2016 – Der VVK hat begonnen!
spam;Überraschungsangebote am 06.12. - Viele Angebote in der Weihnachts-Angebote-Woche
spam;Du willst mein krasses Kochbuch? Du bekommst es!
spam;50 % auf alle Smartphones!
spam;koch dich krass mein Rezeptbuch zum Hammerpreis – nur 3 Tage!
ham;Ihre Amazon.de Bestellung von koch dich krass - die 100.
spam;meine erfolgreichen Rituale für Dich als Geschenk
ham;Verlängerungsbestätigung für Gold – 12 Monate
ham;Bestätigung Ihrer Zahlung an Microsoft Payments
spam;40%, 35%, 30% auf Alles – bist du einer der Glücklichen?
spam;Haben Sie keinen Kreatinmonohydrat, Geschmacksneutral, Beutel, 500 g mehr?
ham;Thank you for your purchase
ham;Myprotein Bestellbestätigung
ham;Sie haben eine Bestellung über 55,48 EUR an THE HUT.COM LIMITED gesendet
ham;Ihre Bestellung wurde versandt
ham;Die AGB von PayPal ändern sich
spam;Samsung Galaxy S6 + Samsung Galaxy S5 für 1,- Euro!*
spam;BODY IP by Simon Teichmann: Aus großer Kraft erwächst große Verantwortung - der Psychologe und weitere Videos
ham;Ihre Bestellung bei Nessential
ham;Bestätigung Ihrer Zahlung an XERXES GmbH
ham;Ihre Nessential Bestellung ist unterwegs
ham;Ihre Nessential Bestellung ist unterwegs
ham;Ihre Nessential Bestellung ist unterwegs
ham;Bewerbungsvorlage
spam;Traumreisen zu Traumpreisen mit PayPal und TravelBird
ham;Herzlich willkommen bei PDF24
ham;Bewerbung
ham;digtales Bewerbungsbild
ham;Histaminunverträglichkeit
ham;Personalfragebogen
ham;FatSecret Mitgliedschaftsbestätigung
spam;Tolle Smartphone-Highlights für Sie!
spam;Ernährungsplan für Athleten! So erreichst du deine Ziele!
spam;Alles muss raus – stapel deine Rabatte mit bis zu 70% + 2 GRATIS Geschenke
spam;Megadeal am Wochenende - 3 für 2 auf das gesamte Sortiment + Gratis Skinny Bites
spam;Das willst du nicht verpassen – 3 für 2 Produkte & 30% auf Alles
spam;Bist du interessiert an Business- und Lifestyle-Infos?
spam;Athlet, was hat Fitness mit Persönlichkeitsentwicklung zu tun?
spam;Neue Acts beim Echelon Open Air, Süddeutschlands größtes elektronisches Festival
ham;Ihre Amazon.de Bestellung von Cherry JW-T0100 Funk-Maus.
spam;Samsung Galaxy S7 ab 1 Euro (3) - Jetzt bei der Telekom!
ham;Ihre Amazon.de Bestellung von Cherry JW-T0100 Funk-Maus wurde versandt!
ham;Cherry JW-T0100 Funk-Maus USB schwarz
ham;Wir haben unsere AGBs und die Datenschutzerklärung aktualisiert.
ham;Ihre Apple‑ID ist jetzt durch die Zwei-Faktor-Authentifizierung geschützt
ham;Reifendruck
ham;SPS IPC Drives 2016  Save the date!
ham;Arbeitsvorschlag für 2016 April
spam;IWF: Deutschland soll mehr investieren
ham;Kauf bestätigt: iPhone 5S LCD Display Touchscreen Retina Bildschirm Komplettset Glas Schwarz
spam;Fw: Rezeptthema der Woche: Salate zum Sattessen!
ham;Snapchat Email Address Confirmation
ham;GMA
ham;Herzlich Willkommen bei GetMyAds
ham;ClickBetter.com Order Confirmation: 265720248
ham;Ihre Bestellung war erfolgreich
ham;GetMyAds Newsletter – Updates und Infos – German
ham;ClickBetter.com Order Confirmation: 1238426895
ham;Herzliche Gratulation, Sie haben ein neues Mitglied in Ihrem Team
spam;IMPORTANT: About Your ClickBetter Account
ham;Your Commissions are waiting
ham;Herzliche Gratulation, Sie haben soeben eine Affiliate Provision mit GetMyAds verdient
spam;Fw: GMA Kurzvideo und Auszahlungs- Beweis
ham;Ihre Bestellung war erfolgreich
ham;Herzliche Gratulation, Sie haben die Stufe Business Builder erreicht
ham;SPS IPC Drives 2016  Sichern Sie sich heute Ihre Eintrittskarte
spam;Woche der Entscheidung mit mysteriösem Rabatt und 40% Rabatt
ham;GetMyAds News and Updates 
ham;Herzliche Gratulation, Sie sind nun 2 Star Advertiser in GetMyAds
ham;Bestellbestätigung zum Auftrag 30028558
ham;Wir haben Deine Zahlung erhalten (Auftrag: 30028558)
ham;Bestätigung Ihrer Zahlung an NuaVie GmbH
ham;Deine Bestellung 30028558 wurde an DHL übergeben
ham;DHL SENDUNGSBENACHRICHTIGUNG // DHL SHIPMENT NOTIFICATION
ham;Ihr DHL Paket kommt am Dienstag, 11:00-14:00 Uhr.
spam;Fw: Kostenlose Rohkost-Rezepte
spam;Entdecken Sie, was alle in Bayern shoppen.
spam;Sichere dir das perfekte Produkt für jede Tageszeit
ham;Sie haben eine Auszahlung in GetMyAds angefordert
ham;Your purchase was successful
ham;Ihre Bestellung war erfolgreich
ham;WICHTIG – GMA Update – Deutschland, Österreich, Schweiz
spam;Update and News – You are the best!
spam;Important Update: Please activate your Tokens
spam;Victoria Schäfer hat deine Freundschaftsanfrage auf Facebook bestätigt
ham;Fw: Rechnung für Artikel ORIGINAL iPHONE 5 LADEBUCHSE DOCK CONNECTOR FLEX MIKROFON ANTENNE AUDIO SCHWARZ( Artikelnummer: 252381802261 )
ham;Fw: GMA Handelsblatt
ham;Rechnung noch offen: Nummer 21146911
ham;Ihr Kunde hat die Stufe 2 Star Advertiser in GetMyAds erreicht
ham;Fw: Ebay-Artikel. Danke für Ihr Vertrauen!
spam;Das ist 7. Großartiges grenzenlos erleben.
ham;Your processor information change request
ham;Sie haben eine Auszahlung in GetMyAds angefordert
ham;SPS IPC Drives 2016  Registrieren Sie sich jetzt kostenfrei!
ham;Bestätigung Ihrer Zahlung an Best Secret GmbH
ham;Bestätigung Ihrer PayPal-Zahlung an Doctor Auto LTD
ham;Bestätigung Ihrer PayPal-Zahlung an Bandel Automobiltechnik GmbH
ham;Bestätigung Ihrer PayPal-Zahlung an Bandel Automobiltechnik GmbH
ham;Kauf bestätigt: UltraSlim Case iPhone 7 / Plus Matt / Clear Schutz Hülle Folie Cover Schale
ham;Bestätigung Ihrer PayPal-Zahlung an CDEX GmbH
ham;Bestätigung Ihrer Zahlung an oezdoganadnan@yahoo.de
ham;Bestellung verschickt: 2x Panzerglas Für iPhone 7 Panzerfolie Displayschutz Glas Echtglas 4,7 iPhone 7
ham;Bestellung verschickt: UltraSlim Case iPhone 7 / Plus Matt / Clear Schutz Hülle Folie Cover Schale
ham;Rechnung | Bestell-Nr. 500832 | CDEX SHOP | -vsm-
ham;Ihre Rechnung 2016-3382469
ham;Ihre Rechnung 2016-3382483
ham;Sie haben eine Auszahlung in GetMyAds angefordert
ham;Rückzahlung von Best Secret GmbH
ham;SPS IPC Drives 2016  Besuchen Sie den Branchentreff!
ham;Der Betrag wird auf Ihr Bankkonto abgebucht
ham;Fw: Fwd: Auszahlung bei GMA von Mark Reuter
ham;Sie haben eine Auszahlung in GetMyAds angefordert
ham;Ticket #YR9LH: Auszahlung
ham;Re: Ticket #YR9LH: Auszahlung
ham;Re: Ticket #YR9LH: Auszahlung
ham;SPS IPC Drives 2016: Heute noch Ihre kostenfreie Eintrittskarte sichern!
ham;Benachrichtigung über automatische Erneuerung für Gold – 12 Monate
spam;News and Updates
spam;Jetzt die Smartphone November-Highlights entdecken!
spam;BODY IP by Simon Teichmann: Die neuen BODY IP Athleten und wie YouTube mein Leben verändert hat und weitere Videos
ham;Ihre Bestellung war erfolgreich
spam;NUR NOCH HEUTE: 3 ZUM PREIS VON 2 - Code: XMASFREE
ham;Meine AOK - ganz nah - immer da!
spam;Bitcoin
spam;Advcash
ham;Verlängerungsbestätigung für Gold – 12 Monate
ham;Ticket #OOUKZ: (no subject)
ham;Re: Ticket #OOUKZ: (no subject)
ham;Re: Ticket #OOUKZ: (no subject)
ham;[Bestätigung] Du bist im Webinar dabei (+Vorbereitung)
ham;[Erinnerung] Wir haben gleich ein Date..
ham;[ES GEHT JETZT LOS] Dein Link zum Webinar!
ham;Wiederholung des Webinars nur noch 24 stunden
ham;Vielen Dank für Ihren Einkauf
ham;Sie haben eine Auszahlung in GetMyAds angefordert
spam;Exklusiv: SEAMLESS Kollektion - jetzt ansehen!
ham;Bestätige deine E-Mail-Adresse, um dein Lifesum-Konto zu sichern.
ham;Willkommen bei Lifesum + 3 Erfolgstipps!
spam;Zeolith
ham;Die Informationen deiner Apple‑ID wurden aktualisiert
ham;Die Informationen deiner Apple‑ID wurden aktualisiert
ham;Lifesum - Gold
ham;Deine Abo-Bestätigung
ham;Ihre Rechnung von Apple
spam;3 Tipps, um Lifesum optimal nutzen zu können
spam;Aw: Überraschung von mir
spam;BODY IP by Simon Teichmann: Was sagt die Waage? und weitere Videos
ham;Verify Your MyMercuryCard Account
ham;Your Key Code Card
ham;KYC needs to be approved before adding external CC
ham;Sie haben eine Auszahlung in GetMyAds angefordert
ham;MARKUS HOFFMANN möchte Ihnen etwas empfehlen!
ham;Ihr Antrag der Gebührenfrei MasterCard GOLD!
ham;Zusendung Ihrer Gebührenfrei MasterCard Gold
ham;Limitüberprüfung- Gebührenfrei MasterCard GOLD
ham;Ticket #IR6VO: MyMercuryCard verbinden
ham;Re: Ticket #IR6VO: MyMercuryCard verbinden
spam;Fw: 15% Sonderaktion bis morgen - Master Amino Acid Pattern
ham;Ticket #QWWMC: GMA verbinden mit MMC
ham;Re: Ticket #IR6VO: MyMercuryCard verbinden
spam;Proteine
ham;Documents required for your Bank Account verification
ham;Gebührenfrei MasterCard Gold - Freischaltung
spam;SALE bis zu 80% sparen! Extra 25% Rabattcode: NEWS25
ham;Bestätigung zu deiner Bestellung bei Smilodox
ham;Hier ist die Rechnung zu deiner Order-ID 382131 vom 18.03.2017 18:09:32
ham;Hier ist die Rechnung zu deiner Order-ID 382131 vom 18.03.2017 18:09:32
ham;Deine Bestellung ist auf dem Weg!  Order-ID 382133
ham;Ihr DHL Paket kommt am Dienstag.
ham;Deine Bestellung ist auf dem Weg!  Order-ID 382132
ham;Gebührenfrei MasterCard Gold: Herzlich Willkommen
ham;Ihr DHL Paket kommt zu einem anderen Zeitpunkt.
ham;Gebührenfrei Mastercard Gold - Rechnung 03.04.2017
ham;Zahlungseingang auf Ihre Gebührenfrei MasterCard Gold
ham;Bestätigung Ihrer Zahlung an Bergzeit GmbH
ham;Ihre Bestellung bei Bergzeit (1676474)
ham;Ihre Bergzeit-Bestellung wurde versandt
ham;Ihr DHL Paket kommt am Donnerstag, 10:30-13:30 Uhr.
ham;Ihr DHL Paket kommt zu einem anderen Zeitpunkt.
ham;Ihr DHL Paket liegt bei Ihrem Nachbarn.
ham;Gebührenfrei Mastercard Gold - Rechnung 03.05.2017
ham;Änderung der Allgemeinen Geschäftsbedingungen Ihrer Gebührenfrei Mastercard GOLD - AGB 05/2017
spam;Fwd: Hol dir die neuesten Angebote für Herren
ham;Deine Bestellung bei Bergfreunde.de (#22201771)
ham;Bestätigung Ihrer Zahlung an Bergfreunde GmbH
ham;Ihr DHL Paket kommt am Mittwoch, 10:30-13:30 Uhr.
ham;Zahlungseingang auf Ihre Gebührenfrei Mastercard Gold
ham;Ihr DHL Paket liegt bei Ihrem Nachbarn.
spam;Haben Sie schon Ihre Produkte bewertet?
ham;Gebührenfrei Mastercard Gold - Rechnung 03.06.2017
ham;Extremklettern.de Registrierung
ham;Deine Bestellung: Black Diamond Epic 35 Model bei outzeit.de
ham;Sie haben eine Zahlung an Outzeit GmbH autorisiert
ham;Ihre Bestellung im Fliegfix Online Shop [automatisch weitergeleitetvon idealo] [D5FAT43M]
ham;Herzlich willkommen - Dein Kundenkonto bei naturzeit
ham;Newsletter Anmeldung bestätigen und 100 naturzeit Taler erhalten!
ham;Deine Naturzeit-Taler
ham;Deine Naturzeit-Taler
ham;Bestätigung Ihrer Zahlung an naturzeit GmbH & Co.KG
ham;Vielen Dank für Deine Bestellung bei naturzeit!
ham;www.fliegfix.com - Zahlungseingang für Ihre Bestellung Nr. 51279 vom 23.06.2017 23:57:16 [automatisch weitergeleitet von idealo] [D5FAT43M]
ham;Wo ist mein Paket? Trackingmail von naturzeit.
ham;Dein naturzeit-Paket wird kommissioniert!
ham;www.fliegfix.com - Ihre Bestellung Nr. 51279 wurde vollständig versandt! [automatisch weitergeleitet von idealo] [D5FAT43M]
ham;Ihr DHL Paket kommt am Dienstag, 11:00-13:30 Uhr.
ham;Ihre Amazon.de Bestellung von Outdoor-Klettern Sicherheit.
ham;Sie haben eine Zahlung gesendet
spam;Sparen in einer Tour: -70 % auf 2-Jahres-Lizenzen
ham;Ihre Amazon.de Bestellung von Outdoor-Klettern Sicherheit wurde versandt!
spam;Deine Bewertung, Dein 5 EUR Gutschein & unsere Freundschaft!
ham;Sie haben Geld erhalten
spam;Sommerschlussverkauf! -20% auf ALLES der Top-MarkenFjällräven & Bergans.
spam;Wir wünschen Ihnen eine schöne Sommerpause
ham;Sie haben Geld erhalten
ham;Ihre Amazon.de Bestellung von bellendo Thermoskanne für und 2 andere(r) Artikel.
ham;Sie haben eine Zahlung an buecher.de GmbH & Co. KG autorisiert
ham;bücher.de - Eingangsbestätigung
ham;Ihre Amazon.de Bestellung von bellendo Thermoskanne für wurde versandt!  
ham;Versandbestätigung zu Bestellung 35165215
ham;buecher.de Rechnung 315930184 KD 610424450
ham;Rechnung zur Bestellnummer 170154 bei VerticalExtreme.de
ham;Auftragsbestätigung zur Bestellnummer 170154 bei VerticalExtreme.de
ham;Auftragsbestätigung zur Bestellnummer 170154 bei VerticalExtreme.de
ham;Dein iCloud-Speicher ist fast voll
ham;Deine Rechnung von Apple
ham;Ihre Amazon.de Bestellung von Taping im Klettersport und 2 andere(r) Artikel.
ham;Ihre Amazon.de Bestellung von BLACKROLL BALL Faszienball und 1 andere(r) Artikel wurde versandt!
ham;Ihre Amazon.de Bestellung von Taping im Klettersport wurde versandt!
ham;Ihre Rechnung von Bergsport-Welt: Rechnung R318024
ham;Vielen Dank für Ihre Spende
ham;Vertical-Life Users: Please Confirm Subscription
ham;Welcome to Vertical-Life! Get your free credits now!
spam;Mammut - Eiger Extreme Kollektion!
spam;Newsletter bestätigen & 5 Euro Gutschein sichern!
ham;Willkommen Bergfreund - 5 Euro Gutschein für Deinen nächsten Einkauf
ham;Deine Bestellung 22483316 ist bei uns eingegangen.
ham;Bestätigung Ihrer Zahlung an Bergfreunde GmbH
ham;Venga! Motivate your climbing friends.
ham;Deine Bestellung 22483316 wurde versendet.
spam;Nur heute: 60% auf Edelrid Hoodies für Männer & Frauen
ham;Sie haben eine Zahlung gesendet
ham;Deine Rechnung von Apple
spam;NEU + NEU + NEU - Jetzt entdecken!
ham;Bergfreunde - Retoureneingangs-Bestätigung
ham;Rückzahlung von Bergfreunde GmbH
ham;Wir haben den gewünschten Betrag auf Ihr Bankkonto überwiesen
spam;Nur heute: 65% auf die ION-Stirnlampe von Black Diamond
ham;Deine Bestellung 22539843 ist bei uns eingegangen.
ham;Bestätigung Ihrer Zahlung an Bergfreunde GmbH
ham;Deine Bestellung 22539843 wurde versendet.
spam;Nur heute: 60% auf Edelrid Hoodies für Männer und Frauen
ham;Deine Rechnung von Apple
spam;Mach's wie der Hamster! 
ham;Bestätigung Ihrer Zahlung an Bergfreunde GmbH
ham;Deine Bestellung 22570838 ist bei uns eingegangen.
ham;Ihre ESTA-Einreisegenehmigung
ham;Deine Bestellung 22570838 wurde versendet.
spam;Nur heute: 40% auf Klean Kanteen Trinkflaschen
spam;DIE BESTEN AM BERG  - Summit Series 2017
ham;Newsletter Bestätigungslink
ham;Auftragsbestätigung zu ihrer Bestellung bei  OrderID: 709837  DHL  - MasterCard
spam;MIND. 15% auf ALLES* von Mammut | The North Face | Salewa | Salomon
ham;Sie haben Geld erhalten
ham;Sie haben Geld erhalten
ham;Ihre Teamsportbedarf.de Order 709837 wird in Kürze verschickt
ham;Ihr DHL Paket kommt am Donnerstag, 10:00-13:00 Uhr.
spam;Die PROFIS am Berg - High-End-Marken erleben
spam;Da Es gibt 2 neue Nachrichten für euch!
spam;Die neue Kollektion ist da! + 10% Rabatt auf ALLES
ham;Löschung eines LOVOO Nutzerprofils
ham;Bitte bestätige deine E-Mail-Adresse
ham;Bitte aktivieren Sie Ihre E-Mail-Adresse auf ProSiebenMAXX.de
ham;Willkommen bei Netflix!
ham;Ihre Telefonnummer wurde hinzugefügt
ham;Sie haben Ihre Kindersicherungs-Einstellungen aktualisiert
ham;Willkommen bei Netflix!
ham;Gebührenfrei Mastercard Gold - Rechnung 03.11.2017
ham;Ihre Amazon.de Bestellung von Beastmaker 1000 Trainingsboard.
ham;Your order has been dispatched
ham;Versandbestätigung / Amazon-Rechnung #SI-50453
ham;Ihre Amazon.de Bestellung von Beastmaker 1000 Trainingsboard wurde versandt!
ham;Bald ist Ihr DPD Paket da
ham;Zwischen 12:39 und 13:39 Uhr kommt Ihr DPD Paket
ham;Zahlungseingang auf Ihre Gebührenfrei Mastercard Gold
ham;Die Informationen deiner Apple‑ID wurden aktualisiert
ham;Die Informationen deiner Apple‑ID wurden aktualisiert
spam;MIND. 20% auf KLETTERN | Bis 60% auf KLETTERMODE  |  BLACK CRAG DEALS
ham;Deine Rechnung von Apple
spam;Morgen ab 6 Uhr: Cyber Monday Woche - neue Angebote im 5-Minuten-Takt
spam;Bis zu 70% auf MERINO | BLACK SHEEP DEALS
ham;Vielen Dank für Ihre Bestellung | Nr.: 103476991
ham;Bestätigung Ihrer Zahlung an Mister Spex GmbH
ham;Zahlung dankend erhalten | Nr.: 103476991
ham;Versandbestätigung für Auftrag 103476991
ham;Rechnung zu Ihrer Bestellung 103476991 (im Anhang)
ham;Ihr Abo wurde aktualisiert
ham;Benachrichtigung über automatische Erneuerung für Gold – 12 Monate
ham;Dr. Graf
ham;Nicht vergessen: Ihr Gratismonat endet am Donnerstag, den 30.November 2017.
ham;Kaufbestätigung von Microsoft
ham;Bestätigung Ihrer Zahlung an Netflix.com
ham;Gebührenfrei Mastercard Gold - Rechnung 03.12.2017
spam;Wir haben gerade einen Film hinzugefügt, der Ihnen gefallen könnte
ham;Ihre Bestellung über MYBESTBRANDS
ham;Vielen Dank für Ihre Bestellung! Bestellnummer: 55338606
ham;Bestätigung Ihrer Zahlung an MandM Direct Limited
ham;Vielen Dank für Ihre Bestellung bei MandM Direct am 12/5/2017 12:47:49 PM
ham;Ihre Bestellung ist unterwegs - dress-for-less [T-66700G2O14-66]
ham;Ihre Bestellung hat unser Lager verlassen
ham;Kaufbestätigung von Microsoft
ham;Bestätigung Ihrer Zahlung an Microsoft Payments
ham;Ihr DHL Paket kommt am Mi. 10:00-13:00 Uhr. Nicht zuhause? Jetzt Ablageort wählen
ham;Zahlungsinformation (21.12.2017)
ham;Deine Rechnung von Apple
ham;Ihre Amazon.de Bestellung von SteelSeries Spectrum 5XB und 1 andere(r) Artikel.
ham;Bestellbestätigung zur nvood Order-ID 143165 / Best.-Nr.: 304-1534342-7710756
ham;Ihre Amazon.de Bestellung von Speedlink Headset-Adapter wurde versandt!
ham;Ihre Amazon.de Bestellung von SteelSeries Spectrum 5XB wurde versandt!
ham;Versandbestätigung zur nvood Order-ID 143165 / Best.-Nr.: 304-1534342-7710756
ham;Deine nvood-Rechnung zur Order-ID 143165 / Best.-Nr.: 304-1534342-7710756
ham;Rezension zur nvood Order-ID 143165 / Best.-Nr.: 304-1534342-7710756
ham;Verlängerungsbestätigung für Gold – 12 Monate
ham;Refund on order 304-8551761-8806721
ham;Bestätigung Ihrer Zahlung an Netflix.com
ham;Bestätigung Ihrer Zahlung an Microsoft Payments
spam;PlayStation 4 - Konsole
spam;PlayStation 4 Konsolen
ham;Bestätigung der Kontoregistrierung
ham;PlayStation-Nutzungsbedingungen und -Datenschutzrichtlinie – Kopie für Ihre Unterlagen
ham;Ihr Guthaben wurde um die gewünschte Summe erhöht
ham;Bestätigung Ihrer Zahlung an SONY INTERACTIVE ENTERTAINMENT NETWORK EUROPE LIMITED
ham;Danke für Ihren Einkauf
ham;Ihr Guthaben wurde um die gewünschte Summe erhöht
ham;Bestätigung Ihrer Zahlung an SONY INTERACTIVE ENTERTAINMENT NETWORK EUROPE LIMITED
ham;Danke für Ihren Einkauf
ham;Danke für Ihren Einkauf
ham;Ihr Guthaben wurde um die gewünschte Summe erhöht
ham;Bestätigung Ihrer Zahlung an SONY INTERACTIVE ENTERTAINMENT NETWORK EUROPE LIMITED
ham;Maßnahme erforderlich!
ham;AW: Ihre Anfrage zur Fortbildung beim DAA-Technikum
ham;Änderungen an unseren Nutzungsbedingungen
ham;Deine Bestellung 23011131 ist bei uns eingegangen.
ham;Bestätigung Ihrer Zahlung an Bergfreunde GmbH
ham;Deine Bestellung 23027686 ist bei uns eingegangen.
ham;Bestätigung Ihrer Zahlung an Bergfreunde GmbH
ham;Rechnungs- & Versandinformationen zu Deiner Bestellung 23027686
ham;Bestätigung Ihrer Zahlung an Netflix.com
ham;Rückzahlung von Bergfreunde GmbH
ham;Deine Bestellung 23083790 ist bei uns eingegangen.
ham;Bestätigung Ihrer Zahlung an Bergfreunde GmbH
ham;Rechnungs- & Versandinformationen zu Deiner Bestellung 23083790
ham;Ihr Mobilfunkvertrag im Überblick
ham;Deine Bestellung 23092581 ist bei uns eingegangen.
ham;Bestätigung Ihrer Zahlung an Bergfreunde GmbH
ham;Rechnungs- & Versandinformationen zu Deiner Bestellung 23092581
ham;Bergfreunde - Retoureneingangs-Bestätigung
ham;Bestätigung Ihrer Zahlung an Netflix.com
ham;Deine Bestellung 23111850 ist bei uns eingegangen.
ham;Bestätigung Ihrer Zahlung an Bergfreunde GmbH
ham;Rückzahlung von Bergfreunde GmbH
ham;Rechnungs- & Versandinformationen zu Deiner Bestellung 23111850
ham;Bestätigung Ihrer Zahlung an Euro-Apotheke K.Talu e.K. EURAPON
ham;Ihr eurapon Paket kommt bald - Wann und wo möchten Sie es empfangen? Jetzt festlegen
ham;Ihre Bestellung bei eurapon - Ihre Rechnungsnummer: VR001118892
ham;Versandbestätigung eurapon
ham;Ihre Amazon.de Bestellung von Ocun Tape 50 mm x 10 m.
ham;Ihre Amazon.de Bestellung von Ocun Tape 50 mm x 10 m.
ham;Regierungsbildung: EZB warnt Italien vor weiterer Verschuldung
ham;Ihre Amazon.de Bestellung von Ocun Tape 50 mm x 10 m wurde versandt!
ham;Ihre Amazon.de Bestellung von Ocun Tape 50 mm x 10 m wurde versandt!
ham;Änderung der Allgemeinen Geschäftsbedingungen Ihrer Gebührenfrei Mastercard GOLD - AGB 05/2018 und Datenschutzhinweise
ham;Rückzahlung von Bergfreunde GmbH
spam;Über 100 Artikel mind. 50% reduziert | Outdoor Summer Opening
ham;Deine Bestellung 23187312 ist bei uns eingegangen.
ham;Bestätigung Ihrer Zahlung an Bergfreunde GmbH
ham;Sie haben eine Zahlung gesendet
ham;Rechnungs- & Versandinformationen zu Deiner Bestellung 23187312
ham;Bergfreunde - Retoureneingangs-Bestätigung
ham;Deine Bestellung 23243191 ist bei uns eingegangen.
ham;Bestätigung Ihrer Zahlung an Bergfreunde GmbH
ham;Rückzahlung von Bergfreunde GmbH
ham;Rechnungs- & Versandinformationen zu Deiner Bestellung 23243191
ham;Deine Bestellung 23261739 ist bei uns eingegangen.
ham;Bestätigung Ihrer Zahlung an Bergfreunde GmbH
ham;Rechnungs- & Versandinformationen zu Deiner Bestellung 23261739
spam;Suche unsere BESTSELLERS – bekomm sie bevor sie weg sind!
ham;Bergfreunde - Retoureneingangs-Bestätigung
ham;Bergfreunde - Retoureneingangs-Bestätigung
ham;Rückzahlung von Bergfreunde GmbH
ham;Rückzahlung von Bergfreunde GmbH
ham;Sie haben Geld erhalten
ham;Sie haben Geld erhalten
ham;Wir haben den gewünschten Betrag auf Ihr Bankkonto überwiesen
ham;Registrierung Ihrer E-Mail-Adresse bei mobilcom-debitel
ham;Transaktionsbestätigung für Sofort (Travix Nederland BV)
ham;Ihre Travel Guard Reiseversicherungsunterlagen
ham;CheapTickets.de - Bestätigung Ihrer Reservierung CDE-5605397
ham;CheapTickets.de - E-ticket CDE-5605397
spam;Tipps für Ihre Reise nach Kapstadt
spam;Ihre Meinung zählt
spam;Erinnerung: Tipps für Ihre Reise nach Kapstadt
spam;Internationale Kletterer-Umfrage – nimm teil, hol dir ein kostenloses Topo
ham;Thanks for taking our survey – here comes your free topo
ham;Sie haben eine Zahlung gesendet
ham;Sie haben eine Zahlung gesendet
ham;Deine Bestellung 23404751 ist bei uns eingegangen.
ham;Bestätigung Ihrer Zahlung an Bergfreunde GmbH
ham;Rechnungs- & Versandinformationen zu Deiner Bestellung 23404751
ham;Sie haben eine Zahlung gesendet
ham;Deine Bestellung 23445226 ist bei uns eingegangen.
ham;Bestätigung Ihrer Zahlung an Bergfreunde GmbH
ham;Ihre Bestellung bei doorout.com (#310030703)
ham;Bestätigung Ihrer Zahlung an doorout.com GmbH & Co. KG
ham;Rechnungs- & Versandinformationen zu Deiner Bestellung 23445226
ham;Bestelleingangsbestätigung
ham;Bestätigung Ihrer Zahlung an Luitpold-Apotheke
ham;Sendung 015647211603 ist übergeben worden.
ham;Vielen Dank für Ihre Bestellung | Nr.: 110363802
ham;Bestätigung Ihrer Zahlung an Mister Spex GmbH
ham;Zahlung dankend erhalten | Nr.: 110363802
ham;Bestellbestätigung für Ihren Einkauf #1801980777
ham;Zahlungseingang vollständig OrderID:410574 // www.sport-ecke.com
ham;Bestätigung Ihrer Zahlung an Sport Ecke
ham;Rechnung zu Ihrer Bestellung 110363802 (im Anhang)
ham;Sie haben eine Zahlung gesendet
ham;Sie haben eine Zahlung an Eurowings GmbH autorisiert
ham;Passenger Receipt - Buchungsbestätigung FCCEWW
ham;Bitte bestätigen Sie Ihre E-Mail-Adresse
ham;[ZA] Franz Schaab möchte mit dir Ausgaben auf Splitwise teilen!
ham;Bergfreunde - Retoureneingangs-Bestätigung
ham;Bestätigung des Stornierungsauftrages 4018036279
ham;Rückzahlung von Sport Ecke
ham;Sie haben eine Rückzahlung von Bergfreunde GmbH erhalten
ham;Auftrag 15197 und Zahlung eingegangen
ham;Bestätigung Ihrer Zahlung an Timber & Jack
ham;Gebührenfrei Mastercard Gold - Rechnung 03.10.2018
ham;Sie haben eine Zahlung gesendet
ham;Sie haben Geld erhalten
ham;Deine Bestellung 23587506 ist bei uns eingegangen.
ham;Bestätigung Ihrer Zahlung an Bergfreunde GmbH
ham;Rechnungs- & Versandinformationen zu Deiner Bestellung 23587506
ham;Bestätigung Ihrer PayPal-Zahlung an Mixxshop16
ham;Zahlungseingang auf Ihre Gebührenfrei Mastercard Gold
ham;myHermes.de Auftragsbestätigung 48291051118 // Ihr/e Paketschein/e
ham;Sie haben eine Zahlung gesendet
ham;Sie haben eine Rückzahlung von Timber & Jack erhalten
ham;Transaktionsbestätigung für Sofort (Adyen BV)
ham;Buchungsanfrage wird bearbeitet (referenz: 3949195852)
ham;Ihre Buchung wurde bestätigt! (Buchungsnummer: 3949195852)
ham;Passenger Receipt - Buchungsbestätigung LDJW3D
ham;Sie haben eine Zahlung an Eurowings GmbH autorisiert
ham;Fwd: Laborwerte
ham;Deine Bestellung 23634783 ist bei uns eingegangen.
ham;Bestätigung Ihrer Zahlung an Bergfreunde GmbH
ham;Bestätigung Ihrer Zahlung an SONY INTERACTIVE ENTERTAINMENT NETWORK EUROPE LIMITED
ham;Rechnungs- & Versandinformationen zu Deiner Bestellung 23634783
ham;Gebührenfrei Mastercard Gold - Rechnung 03.11.2018
ham;Jetzt Unterschrift bestätigen: SAVE Zillergrund Wald
ham;Zahlungseingang auf Ihre Gebührenfrei Mastercard Gold
ham;Änderungen an unseren Nutzungsbedingungen
ham;Passenger Receipt - Buchungsbestätigung LDJW3D
ham;Ihre Amazon.de Bestellung.
ham;Ihre Amazon.de-Bestellung (#304-8262169-5243534) wurde versandt!
ham;Deine Send Pad-Bestellung 1887
spam;[Aktion erforderlich] Nur noch ein letzter kleiner Schritt für Aktionsangebote und persönliche Kursempfehlungen!
ham;Deine Bestellbestätigung vom 19-11-2018
ham;Du hast dich zur perfekten Zeit angemeldet! Bei uns läuft gerade der Black Friday!
spam;Bestätigung Ihrer Zahlung an Udemy Ireland, Ltd
ham;Startklar für „Der komplette Web-Entwickler Kurs 2.0 -Erstelle 25 Webseiten?
ham;Bergfreunde - Retoureneingangs-Bestätigung
ham;Sie haben eine Zahlung gesendet
spam;LETZTE CHANCE ! Mind. 50% auf 300 Artikel | BLACK WEEKEND
ham;Ihre bevorzugte Zahlungsquelle ist eingerichtet
ham;Deine Bestellung 23720642 ist bei uns eingegangen.
ham;Bestätigung Ihrer Zahlung an Bergfreunde GmbH
ham;Vielen Dank für Ihre Bestellung im Deichmann Online-Shop
ham;Sie haben eine Zahlung an Deichmann SE autorisiert
ham;Wir haben den gewünschten Betrag auf Ihr Bankkonto überwiesen
ham;Sie haben eine Rückzahlung von Bergfreunde GmbH erhalten
ham;Sie haben eine Rückzahlung von Bergfreunde GmbH erhalten
ham;Medikamenteneinnahme
ham;Rechnungs- & Versandinformationen zu Deiner Bestellung 23720642
ham;AW: Medikamenteneinnahme
ham;Ihre Versandbestätigung vom Deichmann Online-Shop
ham;Ihre Rechnung
ham;Bestätigung Ihrer Zahlung an Netflix.com
spam;24 Free gifts are coming your way!
spam;Nachfrage Befinden
ham;Bestellbestaetigung
ham;Bestätigung Ihrer Zahlung an TW Vertriebs Gmbh & Co. KG
spam;AW: Nachfrage Befinden
ham;Gebührenfrei Mastercard Gold - Rechnung 03.12.2018
ham;Vielen Dank
ham;Versicherung
ham;Ihr Flug nach Teneriffa: Haben Sie an alles gedacht?
ham;Vielen Dank für Ihre Bestellung | Nr.: 170496721
ham;Bestätigung Ihrer Zahlung an Mister Spex GmbH
ham;Rechnung zu Ihrer Bestellung 170496721 (im Anhang)
ham;Bestätigung Ihrer Zahlung an Microsoft Payments
ham;Xbox Live Gold charged successfully
spam;Jetzt für Ihren Flug nach Teneriffa einchecken!
ham;Bestätigung Ihrer Zahlung an Netflix.com
spam;Wie geht´s?
ham;Bestätigung Ihrer Zahlung an iTunes and App Store
ham;Deine Rechnung von Apple
ham;Amazon password assistance
ham;Your Amazon.de order of Leitz 44800095 Complete
ham;Vielen Dank für deine Bestellung (99584) bei KletterRetter am 12.01.2019
ham;Bestätigung Ihrer Zahlung an KletterRetter UG (haftungsbeschränkt)
ham;Vielen Dank für deine Bestellung bei KletterRetter - Rechung anbei
ham;Deine Bestellung (99584) bei KletterRetter vom 12.01.2019 ist fertiggestellt
spam;AW: Wie geht´s?
spam;AW: AW: Wie geht´s?
ham;Your Amazon.de order of Leitz 44800095 Complete has been dispatched!
ham;Dein gewünschtes Produkt ist wieder verfügbar
spam;AW: Wie geht´s?
ham;Colon-Activ eingetroffen
spam;AW: AW: Wie geht´s?
ham;Sie haben Geld erhalten
ham;Sie haben eine Zahlung gesendet
ham;Gebührenfrei Mastercard Gold - Rechnung 03.02.2019
ham;Sie haben eine Zahlung gesendet
ham;Bestätigung Ihrer Zahlung an iTunes and App Store
ham;Deine Bestellung 24041540 ist bei uns eingegangen.
ham;Bestätigung Ihrer Zahlung an Bergfreunde GmbH
ham;Rechnungs- & Versandinformationen zu Deiner Bestellung 24041540
ham;Bestellbestätigung Funktionelles für Berg.Sport.Outdoor - 2724078
ham;Bestätigung Ihrer Zahlung an Smartino GmbH & Co. KG
ham;Zahlungseingang auf Ihre Gebührenfrei Mastercard Gold
ham;Versandbestätigung mit Trackingnummer
ham;Ihre Bestellung 2724078 bei funktionelles.de - RE-Beleg: 2724078
ham;Deine Abo-Bestätigung
spam;Ausschlagstatus
ham;Gebührenfrei Mastercard Gold - Rechnung 03.03.2019
ham;Sie haben eine Zahlung gesendet
ham;Sie haben eine Zahlung gesendet
ham;Sie haben eine Zahlung gesendet
ham;Sie haben eine Zahlung gesendet
ham;Sie haben Geld erhalten
spam;Pulver aus?
spam;Fwd: Startschuss für unsere großen Sparaktionen zum Frühlingsanfang
spam;Fwd: Startschuss für unsere großen Sparaktionen zum Frühlingsanfang
ham;Gewonnene eBay Auktion(en): LACD Start Evo II 10er Express-Set zum Klettern Nummer: 141998122646
ham;Kauf bestätigt: LACD Start Evo II 10
ham;Bestätigung Ihrer PayPal-Zahlung an Teamalpin GmbH
spam;Pulver ist eingetroffen
ham;Sie haben eine Zahlung gesendet
ham;BESTELLUNG ZUGESTELLT: LACD Start Evo II 10er Expres…
ham;Sie haben eine Zahlung gesendet
ham;Sie haben eine Zahlung gesendet
ham;Dein PS Plus-Abonnement muss bald verlängert werden
ham;Gebührenfrei Mastercard Gold - Rechnung 03.04.2019
ham;Sie haben eine Zahlung gesendet
ham;Bestätigung Ihrer Zahlung an iTunes and App Store
ham;Bestätigung Ihrer Zahlung an I.C.S. International Agency
ham;Ihre Bestellung bei Julido.de
ham;Bald ist Ihr DPD Paket da
ham;Bestätigung Ihrer Zahlung an SONY INTERACTIVE ENTERTAINMENT NETWORK EUROPE LIMITED
ham;Bestellung #28167 bestätigt
ham;Bestätigung Ihrer Zahlung an MakeVision Media UG
ham;Ihr Mobilfunkvertrag im Überblick
ham;Bestätigung der Änderungen Ihrer Mitgliedschaft
ham;Deine Bestellung 24296000 ist bei uns eingegangen.
ham;Bestätigung Ihrer Zahlung an Bergfreunde GmbH
ham;Rechnungs- & Versandinformationen zu Deiner Bestellung 24296000
ham;Deine Bestellung 24326705 ist bei uns eingegangen.
ham;Bestätigung Ihrer Zahlung an Bergfreunde GmbH
ham;Rechnungs- & Versandinformationen zu Deiner Bestellung 24326705
ham;Deine Bestellung 24371176 ist bei uns eingegangen.
ham;Bestätigung Ihrer Zahlung an Bergfreunde GmbH
ham;Bergfreunde - Retoureneingangs-Bestätigung
ham;Rechnungs- & Versandinformationen zu Deiner Bestellung 24371176
ham;Bestätigung Ihrer Zahlung an Netflix.com
ham;Sie haben eine Rückzahlung von Bergfreunde GmbH erhalten
ham;Sie haben eine Rückzahlung von Bergfreunde GmbH erhalten
ham;Spotify ist nur einen Klick entfernt.
ham;Ihre Bestellung bei USArmy-Store.de
ham;Bestätigung Ihrer Zahlung an ARMY-FASHION-SHOP
ham;Vielen Dank für Ihre Bestellung | Nr.: 283640528
ham;Bestätigung Ihrer Zahlung an Mister Spex GmbH
ham;Zahlung dankend erhalten | Nr.: 283640528
ham;Versandbestätigung für Auftrag 283640528
ham;Rechnung zu Ihrer Bestellung 283640528 (im Anhang)
ham;Sie haben eine Zahlung gesendet
ham;Bergfreunde - Retoureneingangs-Bestätigung
ham;Ihre Bestellung bei USArmy-Store.de vom 08.06.2019 19:02:48 wurde versandt
ham;Kaufbestätigung #7615 | Vielen Dank für Deinen Kauf bei SportHacks
ham;Bestätigung Ihrer Zahlung an SportHacks GmbH
ham;Deine Bestellung bei SportHacks
ham;Vielen Dank für deine Bestellung bei SportHacks! +Deine Rechnung
ham;Deine Registrierung bei aboalarm
ham;PDF deines Bayerisches Rotes Kreuz-Kündigungsschreibens
ham;Deine Bayerisches Rotes Kreuz-Kündigung ist im Versandprozess [ID: RH5EZR]
ham;Deine Bayerisches Rotes Kreuz-Kündigung wurde versendet [ID: RH5EZR]
ham;Bestätigung Ihrer Zahlung an Aboalarm GmbH
spam;Schütze dein Tinder Konto – Bestätige deine E-Mail-Adresse
ham;Deine Abo-Bestätigung
ham;Bestätigung Ihrer Zahlung an iTunes and App Store
ham;ABOUT YOU - Bestelleingangsbestätigung: ayou-139-45198548
ham;Bestätigung Ihrer Zahlung an ABOUT YOU GmbH
ham;Order #2242831 confirmed. Details inside!
ham;Sie haben eine Zahlung an GoInterpay, LLC autorisiert
ham;Bestätigung Ihrer Zahlung an GoInterpay, LLC
ham;Bestätigung Ihrer Bitte um Benachrichtigung durch Ray-Ban
ham;Sie haben eine Bestellung über 137,70 EUR an Luxottica Group S.p.a. gesendet
ham;Ihre Ray-Ban-Bestellung  21897745
ham;Deine Rechnung von Apple
spam;Vergiss dein Bayerisches Rotes Kreuz-PDF nicht! 
spam;You're what makes us great
ham;Wir freuen uns Ihnen mitteilen zu können, dass Ihre Ray-Ban-Bestellung versandt wurde.
ham;ABOUT YOU - Sendungsverfolgung: ayou-139-45198548
ham;ABOUT YOU - Rechnung: ayou-139-45198548
ham;Here's What You Can Expect
ham;Prima! Deine Bestellung ist auf dem Weg zu Dir.
ham;It won't be long now Your order has SHIPPED!
ham;Your order has been cancelled.
spam;Was wir gemeinsam mit Ihrer Hilfe erreicht haben
ham;Deine Black Diamond Equipment Bestellung EU00038736 wird bearbeitet!
ham;Sie haben eine Zahlung an Black Diamond Equipment GmbH autorisiert
ham;Sie haben eine Zahlung gesendet
ham;Sie haben eine Zahlung gesendet
ham;Deine Bestellung EU00038736
ham;Bestätigung Ihrer Zahlung an Black Diamond Equipment GmbH
ham;Deine Black Diamond Equipment Bestellung EU00038736 wurde versendet!
ham;Sie haben eine Zahlung gesendet
ham;Deine Bestellung 24673480 ist bei uns eingegangen.
ham;Bestätigung Ihrer Zahlung an Bergfreunde GmbH
ham;Rechnungs- & Versandinformationen zu Deiner Bestellung 24673480
ham;Ihnen Informationen zum Ausdrucken eines Rücksendeetiketts von Amazon gesendet.
ham;Bestätigung Ihrer Zahlung an Netflix.com
ham;Sie haben Geld erhalten
ham;Sie haben eine Zahlung gesendet
ham;Bestätigung Ihrer Zahlung an iTunes and App Store
ham;Deine Rechnung von Apple
ham;Angebot BU  1800€ Rente
ham;Sie haben Geld erhalten
ham;Ihre Zahlungsquelle für Zahlungen mit PayPal ist festgelegt
ham;Vielen Dank für Ihre Bestellung | Nr.: 349082548
ham;Zahlung dankend erhalten | Nr.: 349082548
ham;Sie haben eine Zahlung an Spotify Finance Limited autorisiert
ham;Spotify Beleg
ham;Bestätigung Ihrer Zahlung an Mister Spex GmbH
ham;Rechnung zu Ihrer Bestellung 349082548 (im Anhang)
ham;Versandbestätigung für Auftrag 349082548
ham;Vielen Dank für Ihre Registrierung
ham;Ihr Account wurde aktiviert
ham;Freischaltung beantragt
ham;Activision Password Help
ham;Ihr Account wurde freigeschalten
ham;Passwort zurücksetzen
ham;Deine Bestellung 24875677 ist bei uns eingegangen.
ham;Bestätigung Ihrer Zahlung an Bergfreunde GmbH
ham;Rechnungs- & Versandinformationen zu Deiner Bestellung 24875677
ham;Deine Rechnung von Apple
ham;Sie haben Geld erhalten
ham;Sie haben Geld erhalten
ham;Restday(D8644-45)
ham;Re: Restday(D8644-45)
ham;Bergfreunde - Retoureneingangs-Bestätigung
ham;Danke für Ihren Einkauf
ham;Bestätigung Ihrer Zahlung an SONY INTERACTIVE ENTERTAINMENT NETWORK EUROPE LIMITED
ham;Sie haben eine Rückzahlung von Bergfreunde GmbH erhalten
ham;Sie haben eine Zahlung gesendet
ham;Your Amazon.de order.
ham;Bestätigung Ihrer Zahlung an iTunes and App Store
ham;Your Amazon.de order (#303-3186320-5729928) has been dispatched!
ham;Deine Bestellung 25011193 ist bei uns eingegangen.
ham;Deine Bestellung bei Bergzeit (3410813)
ham;Bestätigung Ihrer Zahlung an Bergzeit GmbH
ham;Bestätigung Ihrer Zahlung an Bergfreunde GmbH
spam;Regarding your recent order at Amazon.de.
ham;Rechnungs- & Versandinformationen zu Deiner Bestellung 25011193
ham;Deine Bergzeit-Bestellung wurde versandt
ham;Ihr DHL Paket kommt bald. Wann und wo möchten Sie es empfangen? Jetzt festlegen 
ham;Plan
ham;Für Ihr Xbox Live Gold-Abonnement ist in Kürze eine Zahlung fällig
ham;Zurücksetzung des Kennworts für das Microsoft-Konto
ham;Änderung des Kennworts für das Microsoft-Konto
ham;Gebührenfrei MasterCard Gold: Änderung des Versicherers Ihrer gratis Reiseversicherung zum 01. Januar 2020
ham;Bestellung RHE-69866 bestätigt
ham;Bestätigung Ihrer Zahlung an YC TECH
ham;Bergfreunde - Retoureneingangs-Bestätigung
ham;Eine Sendung aus der Bestellung RHE-69866 ist unterwegs
ham;Sie haben eine Rückzahlung von Bergfreunde GmbH erhalten
ham;Austausch Ihrer Gebührenfrei Mastercard Gold - Adressbestätigung C-UG
ham;Sie haben eine Zahlung an Spotify Finance Limited autorisiert
ham;Deine Bestellung 25217465 ist bei uns eingegangen.
ham;Bestätigung Ihrer Zahlung an Bergfreunde GmbH
ham;Rechnungs- & Versandinformationen zu Deiner Bestellung 25217465
ham;Bestätigung Ihrer Zahlung an geomix GmbH
ham;Danke für Deine Bestellung! DE256144
ham;Sie haben eine Zahlung an Ridestore AB autorisiert
ham;Deine Bestellung 200058051 am 27.12.2019, 19:51 Uhr
ham;Bestätigung Ihrer Zahlung an Publikat GmbH
ham;Deine Bestellung ist verschickt!
ham;Stylefile.de: Deine Bestellung 200058051 wurde versandt!
ham;Thanks for your order
ham;Bestätigung Ihrer Zahlung an BANANA FINGERS LIMITED
ham;[Silvester] Wiggal möchte mit dir Ausgaben auf Splitwise teilen!
ham;Ihr DHL Paket wird heute zugestellt.
ham;Ihr DHL Paket liegt bei Ihrem Nachbarn.
ham;Track your order 376873
ham;Fwd: Kfz-Versicherungsvergleich / Antragabschluss für das Fahrzeug PA-TS 301
ham;Vielen Dank für Ihre Bestellung | Nr.: 412068431
ham;Bestätigung Ihrer Zahlung an Mister Spex GmbH
ham;Zahlung dankend erhalten | Bestellnummer 412068431
ham;Ihr DHL Paket kommt bald. Wann und wo möchten Sie es empfangen? Jetzt festlegen 
ham;Bitte bestätige deine Anmeldung
ham;Passwort vergessen? Kein Problem!
ham;Ihr DHL Paket wird heute zugestellt.
ham;Rechnung zu Ihrer Bestellung 412068431 (im Anhang)
ham;Bald ist Ihr DPD Paket da
ham;Danke für Deine Bestellung! DE265372
ham;Sie haben eine Zahlung an Ridestore AB autorisiert
ham;Horsefeathers® store - Bestellung n.30027
ham;Bestätigung Ihrer Zahlung an STIGMA DISTRIBUTION, s.r.o.
ham;Deine Bestellung ist verschickt!
ham;[1042386] Rechnung
ham;Sie haben eine Zahlung gesendet
ham;Sie haben eine Zahlung gesendet
ham;[1042386] Benachrichtigung
ham;Retourenlabel für Ihre Rücksendung an Geomix GmbH | JJD149010000200406764
ham;Ihr DHL Paket kommt bald. Wann und wo möchten Sie es empfangen? Jetzt festlegen 
ham;Zwischen 15:08 und 16:08 Uhr kommt Ihr DPD Paket
ham;Ihr DHL Paket wird heute zugestellt.
ham;Order has been shipped
ham;Form Publisher - Training Plan Lite Client Response
ham;Sie haben eine Zahlung gesendet
ham;Bestätigung Ihrer Zahlung an Warehouse One GmbH & Co. KG
ham;Bestätigung Ihrer Zahlung an BIKER-BOARDER
ham;Bestätigung deiner Bestellung AJ55-AJL-865-QL5 bei BIKER-BOARDER.DE
ham;Versandbestätigung zur Bestellung AJ55-AJL-865-QL5 bei BIKER-BOARDER.DE
ham;Rechnung zur Bestellung AJ55-AJL-865-QL5 bei BIKER-BOARDER.DE
ham;Es gibt Neuigkeiten zu deiner Bestellung AJ55-AJL-865-QL5 bei BIKER-BOARDER.DE - Paket zugestellt
ham;Deine Ruecksendung EXC1368768 an Stylefile
ham;Sie haben eine Rückzahlung von Publikat GmbH erhalten
ham;Sie haben eine Rückzahlung von Publikat GmbH
ham;[1042386] Retouren-Bestätigung
ham;Deine Bestellung bei Warehouse One (#661748)
ham;Bestätigung Ihrer Zahlung an Warehouse One GmbH & Co. KG
ham;Warehouse One - Zahlungseingang für Deine Bestellung Nr. 661748 vom 19.01.2020 21:35:58
ham;Bestätigung deiner Rücksendung
ham;Sie haben eine Rückzahlung von Ridestore AB erhalten
ham;Sie haben eine Rückzahlung von Ridestore AB
ham;Warehouse One - Deine Bestellung Nr. 661748 wurde vollständig versandt!
ham;Merchandise return
ham;[1042386] Retouren-Bestätigung
ham;Sie haben eine Rückzahlung von STIGMA DISTRIBUTION, s.r.o.
ham;Sie haben eine Rückzahlung von STIGMA DISTRIBUTION, s.r.o. erhalten
ham;Your Lattice Lite Plan! (TS)
ham;Re: Account locked
ham;Danke für Ihren Einkauf
ham;Sie haben eine Rückzahlung von geomix GmbH erhalten
ham;Bestätigen Sie Ihre E-Mail-Adresse
ham;Kündigung
ham;Deine Retoure zu Rechnung WHO714099 ist eingetroffen
ham;Sie haben eine Rückzahlung von Warehouse One GmbH & Co. KG
ham;Sie haben eine Rückzahlung von Warehouse One GmbH & Co. KG erhalten
ham;Sie haben eine Bestellung über 120,00 EUR an THE NORTHFACE gesendet
ham;The North Face Auftragsbestätigung: 82712357
ham;Horsefeathers® store -Passwort-Änderung
ham;Sie haben eine Zahlung gesendet
ham;Sie haben eine Zahlung gesendet
ham;Problem with jacket
ham;Vielen Dank
ham;The North Face Versandbestätigung: 82712357
ham;Ihre Registrierung war erfolgreich
ham;Re: Problem with jacket
ham;Ihre Online-Rechnung #3596265093
ham;Bestätigung Ihrer Zahlung an Planet Sports GmbH
ham;Deine Bestellung bei www.planet-sports.de
ham;Anmeldung bestätigen & Willkommensgeschenk erhalten
spam;Dein 10€ Willkommensgeschenk
ham;Deine Bestellung bei www.planet-sports.de
ham;Bestätigung Ihrer Zahlung an Spotify Finance Limited
ham;Bestätigung Ihrer Zahlung an Planet Sports GmbH
ham;PS-DE-2203672676 - Versandbestätigung Deiner Bestellung und Rechnung
ham;Sie haben eine Zahlung gesendet
ham;Re: Problem with jacket
ham;Ihre Registrierungsinformationen von SIGNAL IDUNA
ham;Ihre Registrierungsinformationen von SIGNAL IDUNA
ham;Re: Problem with jacket
ham;Sie haben eine Zahlung gesendet
ham;Bestätigung Ihrer Zahlung an BIKER-BOARDER
ham;Bestätigung deiner Bestellung AM8M-9SE-TLV-T3Y bei BIKER-BOARDER.DE
ham;Versandbestätigung zur Bestellung AM8M-9SE-TLV-T3Y bei BIKER-BOARDER.DE
ham;Rechnung zur Bestellung AM8M-9SE-TLV-T3Y bei BIKER-BOARDER.DE
ham;Wir aktualisieren unsere Nutzungsbedingungen
ham;Es gibt Neuigkeiten zu deiner Bestellung AM8M-9SE-TLV-T3Y bei BIKER-BOARDER.DE - Paket zugestellt
ham;Sie haben eine Rückzahlung von THE NORTHFACE
ham;Rücksendebestätigung
ham;Ihre Bestellung bei INTERSPORT EISERT (#77179)
ham;INTERSPORT EISERT Bestellschein
ham;Bestätigung Ihrer Zahlung an Sporthaus Eisert GmbH
ham;KI Link
ham;Willkommen zu Machine Learning Komplettkurs mit Python inkl. AI Einführung
ham;Bestätigung Ihrer Zahlung an Udemy Ireland, Ltd
ham;Sie haben eine Zahlung erhalten
ham;Ihre Bestellung bei INTERSPORT EISERT wurde versandt
ham;Ihre Amazon.de Bestellung von Apple AirPods mit Ladecase und 1 andere(r) Artikel.
ham;Ihre Amazon.de-Bestellung mit Apple AirPods mit Ladecase und 1 weiteren Artikel(n) wurde versandt!
ham;Wichtige Information zu Deiner Bestellung PS-DE-2203673450
ham;Retourenlabel für Ihre Rücksendung an Sporthaus Eisert GmbH | 545669209972
ham;Ihre Amazon.de Bestellung von TaoTronics Bluetooth.
ham;Ihre Amazon.de Bestellung.
ham;Ihre Amazon.de-Bestellung (#304-4066100-0656309) wurde versandt!
ham;Ihre Amazon.de-Bestellung mit TaoTronics Bluetooth wurde versandt!
ham;Ihre Rechnung für die Bestellung 305-1016722-3941143 über Amazon bei ZBT International Trading GmbH
ham;Gebührenfrei Mastercard Gold - Rechnung 03.03.2020
ham;Sie haben eine Zahlung an reBuy reCommerce GmbH autorisiert
ham;Wir haben deine Bestellung erhalten
ham;Deine Bestellung ist unterwegs
ham;Ihr DHL Paket kommt bald. Wann und wo möchten Sie es empfangen? Jetzt festlegen
ham;Deine Retoure ist eingeleitet
ham;Zahlungseingang auf Ihre Gebührenfrei Mastercard Gold
ham;Re: Rücksendung Jacke
ham;Ihre Gutschrift zu Bestellung 77179
ham;Deine Retoure ist eingetroffen
ham;Sie haben eine Zahlung gesendet
ham;Sie haben eine Rückzahlung von Planet Sports GmbH erhalten
ham;Sie haben eine Rückzahlung von Planet Sports GmbH
ham;Erstattung deiner Retoure TRN35414637
ham;Bestätige deine E-Mail-Adresse
ham;Sie haben eine Rückzahlung von reBuy reCommerce GmbH erhalten
ham;Empfangsbestätigung von Besserwissen zu Ihrem Nutzen
ham;AW: Fragen zum Vertrag GG026693
ham;AW: Fragen zum Vertrag GG026693
ham;Bestätigung Ihrer PayPal-Zahlung an renet Autoteile Netzwerk GmbH
ham;Ihr Kauf bei autoteile-preiswert - Belegnummer: 2020-1040149
ham;Ihre Zahlung ist eingegangen - Belegnummer: 2020-1040149
ham;Rechnung zum Kauf bei Renet Autoteile GmbH
ham;Ihre Bestellung ist nun unterwegs zu Ihnen
ham;Gebührenfrei Mastercard Gold - Rechnung 03.04.2020
ham;Your invoice has been paid
ham;Bestätigung Ihrer Zahlung an ParkNow GmbH
ham;Ihre Amazon.de-Bestellung mit LG 34UC98-W 86,36 cm wurde versandt!
ham;Ihr Amazon Paket ist auf dem Weg zu Ihnen. Jetzt Ablageort buchen
ham;Ihr Amazon Paket wird heute zugestellt. Jetzt Ablageort buchen
ham;Zahlungseingang auf Ihre Gebührenfrei Mastercard Gold
ham;Danke für Ihren Einkauf
ham;Bestätigung Ihrer Zahlung an SONY INTERACTIVE ENTERTAINMENT NETWORK EUROPE LIMITED
ham;Neue Anmeldung bei Spotify
ham;Aktiviere jetzt dein eBay Kleinanzeigen Konto
ham;Neue Treffer zu Ihrer Suche Mietwohnungen - Wohnfläche: 80 in Ganz Deggendorf
ham;Neue Treffer zu Ihrer Suche Mietwohnungen - Wohnfläche: 80 in Ganz Deggendorf
ham;Clubfashion24 - Danke für deine Bestellung! (Bestell-Nr. #315755)
ham;Bestätigung Ihrer Zahlung an Clubfashion24 GmbH & Co.KG
ham;Ihre Bestellung Nr. 315755-431922 wurde vollständig versandt!
ham;Neue Treffer zu Ihrer Suche Mietwohnungen - Wohnfläche: 80 in Ganz Deggendorf
ham;Herzlich Willkommen bei Zalando
ham;Danke für deine Bestellung
ham;Bestätigung Ihrer Zahlung an Zalando Payments GmbH
ham;mgate.motiva.de Mail delivery failed : returning message to sender
ham;mgate.motiva.de Mail delivery failed : returning message to sender
ham;Deine Bestellung bei Clubfashion24 - Bestell-Nr. 315755
ham;MediaMarkt, Ihre Bestellung ist eingegangen
ham;Bestätigung Ihrer Zahlung an Media Markt E-Business GmbH
ham;Sie haben eine Rückzahlung von Sporthaus Eisert GmbH
ham;Sie haben eine Rückzahlung von Sporthaus Eisert GmbH
ham;AW: Gutschrift zu Bestellung 77179
ham;MediaMarkt, Ihre Versand-/ Abholbestätigung
ham;Ihr Zalando Paket ist auf dem Weg zu Ihnen. Jetzt Ablageort buchen
ham;Gebührenfrei Mastercard Gold - Rechnung 03.05.2020
ham;Zahlungseingang auf Ihre Gebührenfrei Mastercard Gold
ham;Ihre Bestellbestätigung
ham;Bestätigung Ihrer Zahlung an Lautsprecher Teufel GmbH
ham;Lautsprecher Teufel: Ihre Auftragsbestätigung 34046739
ham;Lautsprecher Teufel: Ihre Rechnung 34046739
ham;SIGNAL IDUNA: Ihr Anliegen vom 29.04.2020
ham;Bestätigung Ihrer Zahlung an Spotify Finance Limited
ham;Ihre Reservierung WW9IML
ham;Ihre Reservierung WW9PKW
ham;Sie haben eine Rückzahlung von Zalando Payments GmbH
ham;[1237722] Bestellbestätigung
ham;[1237722] Versand-Information
ham;Bestätigung Ihrer Zahlung an geomix GmbH
ham;Ihre Amazon.de-Bestellung # 306-1951398-5280316 von 1 Artikel
ham;Passwortanfrage
ham;Deine Malteser Hilfsdienst-Kündigung ist im Versandprozess [ID: 6PYQEX]
ham;Bestätigung Ihrer Zahlung an Aboalarm GmbH
ham;Deine Malteser Hilfsdienst-Kündigung wurde versendet [ID: 6PYQEX]
ham;Patreon Email Confirmation
ham;Ihre Auftragsbestätigung
ham;Ihre Amazon.de-Bestellung # 306-1951398-5280316 von 1 Artikel wurde versandt
ham;Ihre Amazon.de-Bestellung # 304-7772018-3855504 von 1 Artikel
ham;Ihre Amazon.de-Bestellung # 304-7772018-3855504 von 1 Artikel wurde versandt
ham;[1237722] Versandbestätigung
ham;[1237722] Rechnung
ham;Ihr DHL Paket ist auf dem Weg zu Ihnen. Jetzt Ablageort buchen 
ham;Ihre Amazon.de-Bestellung # 306-5046955-5414712 von 1 Artikel
ham;Ihr DHL Paket kommt heute. Jetzt Ablageort buchen 
ham;Re: Nutzer-Anfrage zu deiner Anzeige ruhige helle 2-Zimmer Whg Färbergraben 63qm ab 01.09. incl Duplex
ham;Ihre Amazon.de-Bestellung # 306-5046955-5414712 von 1 Artikel wurde versandt
ham;Gebührenfrei Mastercard Gold - Rechnung 03.06.2020
ham;Ihre Registrierung zum Online-Service meine.karte
ham;Re: Nutzer-Anfrage zu deiner Anzeige Wohnung in Deggendorf Zentrum
ham;Vielen Dank für deine Bestellung!
ham;Sie haben eine Bestellung über 73,80 EUR an ASOS.COM Ltd gesendet
ham;Änderung der Allgemeinen Geschäftsbedingungen Ihrer Gebührenfrei Mastercard GOLD und der Reiseversicherungsbedingungen - AGB und AVB 05/2020
ham;Zahlungseingang auf Ihre Gebührenfrei Mastercard Gold
ham;Bestätigung Ihrer Zahlung an BDSK Handels GmbH & Co. KG
ham;Ihre Bestellung 1172006150623
ham;Ihre Bestellung bei 1a-Neuware
ham;Bestätigung Ihrer Zahlung an Nagel-Zude GmbH & Co. KG
ham;Deine Bestellung ist unterwegs!
ham;Ihr Auftrag WWCHTD
ham;Versandbestätigung: Seltmann Weiden LIDO Black Line 10826 Dessertschale rund 15 cm 6 Stück
ham;Rechnung für Artikel Seltmann Weiden LIDO Black Line 10826 Dessertschale rund 15 cm 6 Stück( Artikelnummer: 1741632 )
ham;Bestätigung Ihrer Zahlung an Spotify Finance Limited
spam;Neu Apple iPhone SE (128 GB) -
ham;Information zu den eServices der Bundesagentur für Arbeit
ham;Bestätigung - Bestelleingang Bestell-Nr: 159308458315
ham;Bestätigung Ihrer Zahlung an APONEO Deutsche Versandapotheke
ham;Ihre Bestellung 159308458315 bei APONEO wurde heute versandt
ham;Vielen Dank für Ihre Bestellung | Nr.: 542737131
ham;Sie haben eine Zahlung an Mister Spex GmbH autorisiert
ham;Rechnung zu Ihrer Bestellung 542737131 (im Anhang)
ham;Bestätigung Ihrer Zahlung an Snocks GmbH
ham;SNOCKS: Deine Bestellung #187917 freut sich auf dich
ham;Vorsicht Nutzereinschränkungen #0720357930
ham;Anstehende Änderungen der AGB von PayPal
ham;Gebührenfrei Mastercard Gold - Rechnung 03.07.2020
ham;Zahlungseingang auf Ihre Gebührenfrei Mastercard Gold
ham;Kontaktformular PK
ham;Ihre Amazon.de-Bestellung # 304-0883630-4326743 von 1 Artikel
ham;Ihre Amazon.de-Bestellung # 304-0883630-4326743 von 1 Artikel wurde versandt
ham;Krankenversicherung
ham;Neue Informationen zu Ihrem mobilcom-debitel Vertrag
ham;Training
ham;Vielen Dank für deine Bestellung!
ham;Deine Auftragsbestätigung zur Bestellung 56535
ham;Deine Bestellung ist auf dem Weg!
ham;Deine Bestellung 26279124 ist bei uns eingegangen.
ham;Bestätigung Ihrer Zahlung an Bergfreunde GmbH
ham;Bestätigung Ihrer Zahlung an Netflix.com
ham;Bestätigung Ihrer Zahlung an Immobilien Scout GmbH
ham;[WERTGARANTIE Kundenportal] Ihr Bestätigungslink für das Kundenportal
ham;[WERTGARANTIE Kundenportal] Sie haben sich erfolgreich registriert
ham;Bestätigung Ihrer Zahlung an BDSK HandelsgmbH & Co KG
ham;Fwd: Ihre Bestellung von moemax.de mit der Bestellnummer 3172008779225
ham;Deine Bestellung bei Bergzeit (4144456)
ham;Bestätigung Ihrer Zahlung an Bergzeit GmbH
ham;Gebührenfrei Mastercard Gold - Rechnung 03.08.2020
ham;Zahlungseingang auf Ihre Gebührenfrei Mastercard Gold
ham;SIGNAL IDUNA: Ihr Anliegen vom 16.07.2020
ham;Bestätigung Ihrer Zahlung an real,- Digital Payment & Technology Services GmbH
ham;Ihre Bestellung auf real.de
ham;Ihre Bestellung auf real.de
ham;Bestätigung Ihrer Zahlung an real,- Digital Payment & Technology Services GmbH
ham;Bergfreunde - Retoureneingangs-Bestätigung
ham;IKEA - Bestellbestätigung
ham;IKEA - Rechnung für Bestellung 1119293483
ham;Bestätigung Ihrer Zahlung an IKEA Deutschland GmbH & Co. KG
ham;Ihr Einkauf bei POCO.de
ham;Bestätigung Ihrer Zahlung an POCO Einrichtungsmärkte GmbH
spam;Ihr 20 Euro Willkommensgutschein ist da!
ham;Ihre Bestellung befindet sich in Bearbeitung
ham;Bestätigung Ihrer Zahlung an POCO Einrichtungsmärkte GmbH
ham;Bestätigung Ihrer Zahlung an Spotify Finance Limited
ham;IKEA - Versandbestätigung
ham;Rückgabe eines Artikels Ihrer Bestellung M3D4AG4
ham;Ihr Auftrag PAF92W
ham;Ihre Amazon.de Bestellung von Tuneon Parkplatzschild und 1 andere(r) Artikel.
ham;Ihre Bestellung bei TS Trading GmbH
ham;Bestätigung Ihrer Zahlung an TS Trading GmbH
ham;Ihre Amazon.de-Bestellung # 304-2006694-9509119 von 1 Artikel
ham;Ihre Amazon.de-Bestellung # 304-2006694-9509119 von 1 Artikel wurde versandt
ham;Ihre Amazon.de-Bestellung # 304-0294228-7001943 von 1 Artikel wurde versandt
ham;[Wichtig] [Important] [Importante] Rechnung über Thera-Band® 3,0m  und einem weiteren Artikel von TS Trading GmbH
ham;Versandbenachrichtigung zum Lieferschein #2020-50993AU-001
ham;Ihre Bestellung bei TS Trading GmbH vom 27.08.2020 19:20:01  wurde versandt
ham;Ihre Amazon.de-Bestellung # 304-4842780-7087513 von 1 Artikel wurde versandt
ham;[WICHTIG] Ihre Rechnung 1791999 zu Ihrer Amazon Bestellung bei der wolk AG (Eurosignal)
ham;Herzlich Willkommen
ham;Automatische Eingangsbestätigung an: Bestellung@lrworld.com
ham;Stornierung eines bestellten Artikels
ham;Sie haben eine Rückzahlung von real,- Digital Payment & Technology Services GmbH
ham;Lieferverzögerung Ihrer POCO.de-Bestellung
ham;SEPA-Mandatsbestätigung für Ihre Partnernummer DE03127063
ham;LR Health & Beauty - DE03127063: Ihre Bestellung vom 31.08.2020 wurde versandt
ham;Ihr DHL Paket wird in eine Filiale gebracht.
ham;Bestätigung Ihrer Zahlung an Immobilien Scout GmbH
ham;Ihr mömax Auftrag/Rechnung mit Bestellnummer 3172008779264 und der Auftragsnummer CXEYRV
ham;Passwort vergessen? Keine Panik! Das kann jedem passieren.
ham;Sie haben eine Zahlung gesendet
ham;SIGNAL IDUNA: Ihr Anliegen vom 17.08.2020
ham;Gebührenfrei Mastercard Gold - Rechnung 03.09.2020
ham;Sie haben eine Zahlung gesendet
ham;Spotify Studentenrabatt
ham;Zahlungseingang auf Ihre Gebührenfrei Mastercard Gold
ham;Bestellbestätigung – Ihre Bestellung #O20-996789521637 auf dem METRO Marktplatz
ham;Metro Markets GmbH: Zahlungsinformation für Ihre Bestellung vom 09.09.2020
ham;Versandbestätigung zu Ihrer Bestellung #O20-996789521637 auf dem METRO Marktplatz
ham;Metro Markets GmbH: Zahlungseingangsbestätigung für Ihre Bestellung vom 09.09.2020
ham;Ihr Auftrag PXTP5B
ham;Bestätigung Ihrer Zahlung an Spotify Finance Limited
ham;Ihre Amazon.de Bestellung # 302-1078347-1499544 von 2-Artikeln
ham;Sie haben eine Zahlung an AO Deutschland Limited autorisiert
ham;Bestätigung Ihrer Bestellung bei ao.de - Bestellnummer ADE5569807
ham;Bestellbestätigung Nr. 9307851
spam;Entdecken Sie den Google Assistant
ham;Ihre Amazon.de-Bestellung # 302-1078347-1499544 von 1 Artikel wurde versandt
ham;Versandbestätigung - Bestellung Nr. 9307851
ham;Ihre Amazon.de-Bestellung # 302-5062417-9545926 von 1 Artikel wurde versandt
ham;Vielen Dank für Ihre Bestellung bei ManoMano
ham;Bestätigung Ihrer Zahlung an MANOMANO
ham;Bestätigung Ihrer Zahlung an IKEA Deutschland GmbH & Co. KG
ham;IKEA - Rechnung für Bestellung 1128266388
ham;Fwd: Ihr Auftrag CXEYRN
ham;Aktuelle Informationen zu Ihrer Lieferung von ao.de
ham;Bestätigung Ihrer PayPal-Zahlung an
ham;KAUF BESTÄTIGT: Ausziehbar Küchenarm
ham;Bestätigung Ihrer PayPal-Zahlung an
ham;Porzellantreff.de: Neue Bestellung Nr. 200928-790920
ham;Ihre Rechnung ADE5569807
ham;IKEA – Bestätigung Liefertermin
ham;Aktualisierte Kaufbestätigung: Ausziehbar Küchenarm
ham;IKEA – Lieferzeitfenster
ham;Bestätigung Ihrer Zahlung an BDSK Handels GmbH & Co. KG
ham;Ihre Bestellung 1172009723476
ham;IKEA - Lieferung in Zustellung
ham;IKEA - Lieferung zugestellt
ham;Ihr Ikea MFLU -Auftrag: Liefernachweis
ham;Wir haben Ihre Nachricht erhalten
ham;Ihre Abbuchungsvereinbarung für Zahlungen an Immobilien Scout GmbH wurde gekündigt
ham;Neue mobilcom-debitel Rechnung M20071791555
ham;Anlieferzeit
ham;Gebührenfrei Mastercard Gold - Rechnung 03.10.2020
ham;Wir bearbeiten deine Bestellung Nr. W771173687
ham;Sie haben eine Bestellung über 3.465,56 EUR an Apple Store gesendet
ham;Versandbenachrichtigung W771173687
ham;Zahlungseingang auf Ihre Gebührenfrei Mastercard Gold
ham;Ihre Apple Rechnungsnummer AB81898024
ham;Ihre Amazon.de-Bestellung # 304-4021648-2951540 von 1 Artikel
ham;Ihre Amazon.de-Bestellung # 304-4021648-2951540 von 1 Artikel wurde versandt
ham;Ihr Auftrag CXEYRV
ham;Ihre Bestellung bei Porzellantreff.de [ID:VuzAb7]
ham;Bestätigung Ihrer Zahlung
ham;KAUF BESTÄTIGT: Badwischer Edelstahl
ham;Bestätigung Ihrer PayPal-Zahlung an
ham;KAUF BESTÄTIGT: Handtuchhalter Ohne 
ham;Ihre Amazon.de-Bestellung # 028-5236636-4779535 von 1 Artikel
spam;Sensationelle Prozente
ham;Ihre Amazon.de-Bestellung # 028-5236636-4779535 von 1 Artikel wurde versandt
ham;Versandbenachrichtigung W771173687
ham;SIGNAL IDUNA: Ihr Anliegen vom 29.09.2020
ham;Ihre Amazon.de-Bestellung # 028-5182433-1028309 von 1 Artikel
ham;Bestätigung Ihrer Zahlung an Spotify Finance Limited
ham;Wichtige Änderungen im PlayStation Store
ham;Ihre Apple Rechnungsnummer AB82281685
ham;Ihre Amazon.de-Bestellung # 028-5182433-1028309 von 1 Artikel wurde versandt
ham;Ihre Amazon.de Bestellung # 303-2901564-2610726 von 3-Artikeln
ham;Ihre Amazon.de-Bestellung # 303-2901564-2610726 von 2 Artikeln wurde versandt
ham;Ihre Amazon.de-Bestellung # 303-0451062-8931502 von 1 Artikel wurde versandt
ham;Ihr Auftrag WWMMXB
ham;Ihre Amazon.de-Bestellung # 028-6367460-2053169 von 1 Artikel
ham;Bestätigung Ihrer PayPal-Zahlung an CHAO MA
ham;KAUF BESTÄTIGT: 8 Stück Tischset
ham;Aktualisierte Kaufbestätigung: 8 Stück Tischset
ham;Amazon.de - Ihre Stornierung 028-6367460-2053169
spam;Erfahre online mit einem Specialist mehr über folgendes Gerät: Mac
ham;Deine Apple-ID wurde verwendet, um sich auf einem MacBook Pro (16-inch, 2019) bei iCloud anzumelden
ham;Rücksendeantrag für Bestellung 303-0451062-8931502
spam;Google Pay ab sofort verfügbar
ham;Sie haben eine Zahlung gesendet
ham;Ihre Rücksendung von LE GU10 LED, 4W 350 Lumen LED
ham;Versand Ihrer Bestellung und Rechnungsunterlagen für Kunden-Nummer: 886169 [ID:X26Mae]
ham;Deine freenet Video-Kündigung wird jetzt bearbeitet [ID: B-FPX5RG]
ham;Bestätigung Ihrer Zahlung an Aboalarm GmbH
ham;Deine freenet Video-Kündigung wurde versendet [ID: B-FPX5RG]
ham;Bestätigung Ihrer Zahlung an Aboalarm GmbH
ham;Deine Johanniter-Unfall-Hilfe e.V.-Kündigungwurde versendet [ID: XH89CW]
ham;Bestätigung Ihrer Zahlung an Netflix.com
ham;Ihre Anfrage ist offen: Referenznummer 5250500347
ham;Anfrage Nr. 5250500347: Der Verkäufer hat geantwortet
ham;Ihre Dokumente zu Auftrag PAF92W
ham;Anfrage Nr. 5250500347: Sie haben eine volle Rückerstattung erhalten
ham;Sie haben eine Rückzahlung von
ham;IKEA - Rechnung für Bestellung 1139824882
ham;IKEA - Bestellbestätigung
ham;Ihre Amazon.de-Bestellung # 028-3155175-3254755 von 1 Artikel
ham;Ihr Einkauf bei IKEA Deutschland GmbH & Co. KG – Sie bezahlen erst in 14 Tagen
ham;Gebührenfrei Mastercard Gold - Rechnung 03.11.2020
ham;Ihre Amazon.de-Bestellung # 028-3155175-3254755 von 1 Artikel wurde versandt
ham;Ihr Auftrag WWMMXB
spam;Hier kommen deine Vorlagen! 
ham;Bestätigung Ihrer Zahlung an iTunes and App Store
ham;Deine freenet Video-Kündigung - Hat's geklappt? [ID: B-FPX5RG]
ham;Zahlungseingang auf Ihre Gebührenfrei Mastercard Gold
ham;Deine Rechnung von Apple
ham;Deine Johanniter-Unfall-Hilfe e.V.-Kündigung - Hat's geklappt? [ID: XH89CW]
ham;Die Zahlung für Ihren Einkauf bei IKEA Deutschland GmbH & Co. KG wird demnächst abgebucht
ham;Bestätigung Ihrer Zahlung an Spotify Finance Limited
ham;IKEA - Versandbestätigung
ham;IKEA – Lieferzeitfenster
ham;IKEA - Lieferung zugestellt
ham;Ihr Auftrag WWMMXB
ham;Die Zahlung für Ihren Einkauf bei IKEA Deutschland GmbH & Co. KG wird abgebucht
ham;Ihr Paket zur Bestellung WWMMXB wurde durch ein Familienmitglied entgegen genommen
ham;mömax: Neue Aktion auf iamstudent
ham;Ihre Bestellung 1172011263684
ham;Ihr Einkauf bei BDSK Handels GmbH & Co. KG – Sie zahlen nach 14 Tagen
ham;Beleg für Ihre Zahlung an Netflix.com
ham;Ihr Auftrag YB1IX1
ham;Neue mobilcom-debitel Rechnung M20085905289
ham;Dringendes Anliegen 04.12.2020
ham;Gebührenfrei Mastercard Gold - Rechnung 03.12.2020
ham;Ihre Dokumente zu Auftrag YB1IX1
ham;Ihre Anfrage (Ticket: I0-853600)
ham;Die Zahlung für Ihren Einkauf bei BDSK Handels GmbH & Co. KG wird demnächst abgebucht
ham;Ihre online gemeldeten Zählerstände
ham;Zahlungseingang auf Ihre Gebührenfrei Mastercard Gold
ham;Beleg für Ihre Zahlung an iTunes and App Store
ham;Die Zahlung für Ihren Einkauf bei BDSK Handels GmbH & Co. KG wird abgebucht
ham;Ihr Auftrag YB1IX2
ham;Beleg für Ihre Zahlung an Spotify Finance Limited
ham; Rückerstattung für qualifizierte Abonnements
ham;SIGNAL IDUNA: Ihr Anliegen vom 26.11.2020
ham;Ihr Einkauf bei expert.de - Neue Bestellung Nr. MA101159924
ham;Beleg für Ihre Zahlung an expert e-Commerce GmbH
ham;Ihre Retoure zur Bestellung WWMMXB wurde erfolgreich zugestellt
ham;Fwd: Fwd: Reklamation YB1IX1
ham;Ihre Rechnung für Auftrag MA101159924
ham;Ihr Einkauf bei expert.de - Versand Ihres Auftrags MA101159924
ham;Ihr XXXL Auftrag/Rechnung mit Bestellnummer 1172011263684 und der Auftragsnummer YB1IX1
ham;Ihr Auftrag YB1IX1
ham;Ihre Amazon.de-Bestellung # 028-0266872-4872319 von 1 Artikel
ham;Ihre Wunschzustellung: Tag geändert
ham;Ihr Auftrag WWMMXB
ham;Ihr Auftrag WWMMXB
ham;Sie haben eine Rückzahlung von BDSK Handels GmbH & Co. KG
ham;Ihr XXXL Auftrag/Rechnung mit Bestellnummer 1172009723476 und der Auftragsnummer WWMMXB
ham;Ihre Amazon.de-Bestellung # 028-0266872-4872319 von 1 Artikel wurde versandt
ham;MA101159924 [M-8E040DAB22-64]
ham;Beleg für Ihre Zahlung an Netflix.com
ham;Gebührenfrei Mastercard Gold - Rechnung 03.01.2021
ham;AW: MA101159924 [M-8E040DAB22-64]
ham;Ihre Dokumente zu Auftrag YB1IX1
ham;Zwischen 10:48 und 11:48 Uhr kommt Ihr DPD Paket
ham;Zahlungseingang auf Ihre Gebührenfrei Mastercard Gold
ham;SIGNAL IDUNA: Ihr Anliegen vom 10.12.2020
ham;Ihre Bestellung auf real.de
ham;Beleg für Ihre Zahlung an real,- Digital Payment & Technology Services GmbH
ham;Schuhreparatur - D7973/20, D7974/20, D7975/20, D7976/20
ham;Versand eines Artikels Ihrer Bestellung MCH8G1D
ham;Bestellung mit der Auftragsnummer: R 20316157  ist unterwegs!
ham;Beleg für Ihre Zahlung an Spotify Finance Limited
ham;Ihre Registrierung bei Cyberport
ham;Ihre Bestellung bei Cyberport
ham;Re: Ihre Bestellung bei Cyberport
ham;Rückerstattung für qualifizierte Abonnements
ham;Ihre Bestellung bei Cyberport 2004356417/Nachweis
ham;Ihre Nachricht an Cyberport
ham;Ihre Bestellung hat unser Lager verlassen!
ham;Ihre Cyberport Bestellung erreicht Sie schon bald!
ham;Viel Freude mit Ihrer Bestellung von Cyberport
ham;Eingangsbestätigung zu Ihrer Bestellung bei  Order-ID: 258  Hermes  - PayPal
ham;Beleg für Ihre Zahlung an Manuel Stapel
ham;Beleg für Ihre Zahlung an Netflix.com
ham;Preisgestaltung bei Edelmetallen
ham;Rechnung zu Order-ID 258 vom 30.01.2021 13:18:58
ham;RESTDAY-RECHNUNG(D7973-76)
ham;Gebührenfrei Mastercard Gold - Rechnung 03.02.2021
ham;Paket mit reparierten Schuhen (D7973/20, D7974/20, D7975/20, D7976/20 )
ham;Zahlungseingang auf Ihre Gebührenfrei Mastercard Gold
ham;Beleg für Ihre Zahlung an Spotify Finance Limited
ham;Rechnung
ham;Order-ID: 258
ham;Ihre Bestellung ist auf dem Weg zu Ihnen!  Order-ID 258
ham;Gebührenfrei Mastercard Gold - Rechnung 03.03.2021
ham;Zahlungseingang auf Ihre Gebührenfrei Mastercard Gold
ham;Widerspruch
ham;Beleg für Ihre Zahlung an Spotify AB
ham;Antwort Widerspruch
ham;Re: Antwort Widerspruch
ham;Bestätige deine E-Mail-Adresse
ham;Sie haben eine Zahlung an Brooks Sports B.V. autorisiert
ham;Your Brooks order confirmation
ham;Ihre Amazon.de-Bestellung # 028-6573999-6880351 von 1 Artikel
ham;Ihre Amazon.de-Bestellung # 028-6573999-6880351 von 1 Artikel wurde versandt
ham;Versand deiner Bestellung Nr. 06655660
ham;Ihr DHL Paket kommt bald. Wann und wo möchten Sie es empfangen? Jetzt festlegen 
ham;Jetzt live verfolgen - Ihr DHL Paket kommt heute
ham;Änderungen an unseren Nutzungsbedingungen
ham;Gebührenfrei Mastercard Gold - Rechnung 03.04.2021
ham;AW: Fragen zum Vertrag GG026693
ham;Zahlungseingang auf Ihre Gebührenfrei Mastercard Gold
ham;Danke für Ihren Einkauf
spam;iPhone 12 Mini 64GB 5G
ham;Behandlung-Rechnung
ham;[#51625]  Vielen Dank für Ihre Nachricht. [#51625]
ham;Deine Bestellbestätigung von refurbed
ham;WICHTIG: Klarna Zahlungsinformation für Rechnungs- und Ratenkauf
ham;Bestätigung der Zahlung an Refurbed GmbH
ham;Deine Bestellbestätigung von refurbed
ham;WICHTIG: Klarna Zahlungsinformation für Rechnungs- und Ratenkauf
spam;Wir aktualisieren unsere Preise – und das ist der Grund dafür
ham;Ihre Amazon.de Bestellung # 028-6479038-5851545 von 4-Artikeln
ham;Bestätigung der Änderungen Ihrer Mitgliedschaft
ham;Ihre Amazon.de-Bestellung # 028-6479038-5851545 von 1 Artikel wurde versandt
ham;Ihre Amazon.de-Bestellung # 028-6479038-5851545 von 2 Artikeln wurde versandt
ham;Ihre Amazon.de-Bestellung # 028-6479038-5851545 von 1 Artikel wurde versandt
ham;Sie haben eine Zahlung gesendet
ham;Ihr Amazon Paket kommt bald. Wann und wo möchten Sie es empfangen? Jetzt festlegen 
ham;Ihr Amazon Paket kommt bald. Wann und wo möchten Sie es empfangen? Jetzt festlegen 
ham;Deine Apple-ID wurde verwendet, um sich auf einem iPad (8th Generation) bei iCloud anzumelden
ham;Ihre Amazon.de Bestellung # 028-3950449-9361165 von 2-Artikeln
ham;Willkommen bei Amazon Prime
ham;Informationen zu deinem Kauf auf Rechnung bei Refurbed GmbH
ham;Gebührenfrei Mastercard Gold - Rechnung 03.05.2021
ham;Ihr Amazon Paket kommt heute. Jetzt Ablageort wählen
ham;Neue Antwort auf deine refurbed Anfrage
ham;Ihre Amazon.de-Bestellung # 028-3950449-9361165 von 1 Artikel wurde versandt
ham;Deine Rechnung von Apple
ham;Du hast ein Problem mit deiner Bestellung bei refurbed.co.uk gemeldet
ham;Zahlungseingang auf Ihre Gebührenfrei Mastercard Gold
ham;Klarna - Email Bestätigung - 17:38:23
ham;Du hast eine Retoure für deine Bestellung bei refurbed.co.uk gemeldet
ham;Sie haben eine Zahlung gesendet
ham;SIGNAL IDUNA: Ihr Anliegen vom 26.04.2021
ham;Dein Einkauf bei Refurbed GmbH wurde zurückgeschicktoder storniert
ham;Änderung Ihrer Prime-Mitgliedschaft
ham;Deine Rechnung von Apple
ham;Wichtige Erinnerung: Ihre Karte ist noch nicht für Einkäufe im Internet freigeschaltet
ham;Gebührenfrei Mastercard Gold - Rechnung 03.06.2021
spam;5GHz Internet
ham;Zahlungseingang auf Ihre Gebührenfrei Mastercard Gold
ham;Beleg für Ihre Zahlung an Spotify AB
ham;[#57546]  Vielen Dank für Ihre Nachricht. [#57546]
ham;[#57547] Ihre Nachricht: Vertrag GG026693 pausieren
ham;Ihre Amazon.de Bestellung von Laptop Ständer, Notebook
ham;Ihre Amazon.de-Bestellung mit Laptop Ständer, Notebook wurde versandt! 
ham;Beleg für Ihre Zahlung an iTunes and App Store
ham;Beleg für Ihre Zahlung an Netflix.com
ham;Deine Rechnung von Apple
ham;Gebührenfrei Mastercard Gold - Rechnung 03.07.2021
ham;Ihre Amazon.de Bestellung von Kabellose Bluetooth
ham;Ihre Amazon.de-Bestellung mit Kabellose Bluetooth wurde versandt!
ham;Zahlungseingang auf Ihre Gebührenfrei Mastercard Gold
ham;Beleg für Ihre Zahlung an Spotify AB
ham;Ihre Amazon.de Bestellung von Bactador Geruchsentferner
ham;Ihre Amazon.de-Bestellung mit Bactador Geruchsentferner wurde versandt!
ham;Beleg für Ihre Zahlung an iTunes and App Store
ham;Deine Rechnung von Apple
ham;Gebührenfrei Mastercard Gold - Rechnung 03.08.2021
ham;Zahlungseingang auf Ihre Gebührenfrei Mastercard Gold
ham;Request to reset your password
ham;Beleg für Ihre Zahlung an Spotify AB
ham;Sie haben eine Zahlung an Vacaciones eDreams SL autorisiert
ham;Ihre Bestellung ist eingegangen #190664511
ham;Sie haben eine Zahlung an Fashion ID GmbH & Co. KG autorisiert
ham;Empfangsbestätigung - Ihre Bestellung auf www.omp-Apotheke.de
ham;Beleg für Ihre Zahlung an OMP-Versandzentrum
ham;Ihre Amazon.de Bestellung.
ham;Ihre Amazon.de-Bestellung (#305-9617948-6742754) wurde versandt!
ham;Ab geht die Post - Ihre Bestellung 1506337 vom 21.08.2021 wurde verschickt.
ham;[Wichtig] Ihre MEDTEX Bestellung bei Amazon Nr. 305-9617948-6742754 vom 22.08.2021
ham;Ihr Amazon Paket kommt bald. Wann und wo möchten Sie es empfangen? Jetzt festlegen
ham;Jetzt live verfolgen - Ihr Amazon Paket kommt heute
ham;Ihr Amazon Paket wird gleich zugestellt
ham;Rechnung & Versandbestätigung
ham;Beleg für Ihre Zahlung an Access 2 Justice GmbH
ham;Ihre Lieferung
ham;Anstehende Änderungen der AGB von PayPal
ham;Ihre Amazon.de Bestellung von Logitech G432
ham;Beleg für Ihre Zahlung an Netflix.com
ham;Ihr Aktionsvorteil zu Ihrer Amazon Bestellung 304-9090312-1945935
ham;Ihre Amazon.de-Bestellung mit Logitech G432 wurde versandt!
ham;Ihr Amazon Paket kommt bald. Wann und wo möchten Sie es empfangen? Jetzt festlegen
ham;Jetzt live verfolgen - Ihr Amazon Paket kommt heute
ham;Beleg für Ihre Zahlung an Flughafen München GmbH
ham;Gebührenfrei Mastercard Gold - Rechnung 03.09.2021
ham;SIGNAL IDUNA: Ihr Anliegen vom 01.09.2021
ham;RE: Web-Feedback 2004356417
ham;Ihre Retoure bei Cyberport 8001735093
ham;Re: Web-Feedback 2004356417
ham;Aktualisiere deine iCloud+-Rechnungsdaten, um dein Plan-Upgrade zu behalten
ham;Beleg für Ihre Zahlung an Netflix.com
ham;Beleg für Ihre Zahlung an iTunes and App Store
spam;Servus
spam;RP ONLINE: Störung: WhatsApp, Instagram und Facebook - Soziale Netzwerke offline
ham;Gebührenfrei Mastercard Gold - Rechnung 03.10.2021
ham;Ihre Ruecksendung zur Bestellung 2004356417
ham;Ihre Bestellung hat unser Lager verlassen!
ham;Re: Ihre Bestellung hat unser Lager verlassen!
ham;Zahlungseingang auf Ihre Gebührenfrei Mastercard Gold
ham;Ihre Cyberport Bestellung erreicht Sie schon bald!
ham;Viel Freude mit Ihrer Bestellung von Cyberport
ham;Rechnung
ham;Gebührenfrei Mastercard Gold - Rechnung 03.11.2021
ham;„E‑Mail-Adresse verbergen“ wurde mit openweathermap.org verwendet
ham;SIGNAL IDUNA: Ihr Anliegen vom 30.10.2021
ham;Neuer Steam-Account – E-Mail-Bestätigung
ham;Vielen Dank für Ihren Einkauf bei Steam!
ham;Beleg für Ihre Zahlung an www.steampowered.com
ham;Ihre Amazon.de Bestellung von CSL - XXL Speed Gaming
ham;Ihre Amazon.de-Bestellung mit CSL - XXL Speed Gaming wurde versandt!
ham;Ihr Amazon Paket kommt bald. Wann und wo möchten Sie es empfangen? Jetzt festlegen
ham;Bestätigung - Ihre Bestellung 132437903 wird bearbeitet
ham;E‑Mail-Adresse verbergen wurde mit kaufland.de verwendet
ham;Kaufland.de Code: 426263
ham;Beleg für Ihre Zahlung an RDPTS GmbH
ham;Bestellbestätigung: Ihre Bestellung bei Kaufland.de
ham;Beleg für Ihre Zahlung an MMS E-Commerce GmbH
ham;Status van bestelling 32541
ham;Fernbedienung-shop Ordernummer: 32541
ham;Versand eines Artikels deiner Bestellung MSL76XD
ham;Information zu ihrer Bestellung 132437903 - 211214-011139
ham;Beleg für Ihre Zahlung an Spotify AB
ham;Ticket-Ref: 11-MPYQXY6T641 | Deine Anfrage 00111528519
ham;Ticket-Ref: 11-MPYQXY6T641 | Neue Nachricht zur Anfrage 00111528519
ham;Information zu ihrer Bestellung 132437903 - 211220-105881
ham;Versandbestätigung und Rechnung - Bestellung 132437903
ham;MediaMarkt, Ihre Bestellung erreicht Sie in Kürze!
ham;MediaMarkt, Viel Vergnügen mit Ihrem Produkt!
ham;Ticket-Ref: 11-MPYQXY6T641 | Erinnerung an offene Anfrage 00111528519
ham;„E‑Mail-Adresse verbergen“ wurde mit pinterest.de verwendet
ham;Stornierung deines bestellten Artikels
ham;Sie haben eine Rückzahlung von RDPTS GmbH
ham;Sie haben eine Zahlung gesendet
ham;Verify 27my85rfhs@privaterelay.appleid.com is your email address before using Indeed
ham;Beleg für Ihre Zahlung an Spotify AB
ham;Vielen Dank für Ihre Bestellung
ham;Herzlich Willkommen bei SHOP APOTHEKE!
ham;Vielen Dank für Ihre Bestellung (COM-15549335) bei SHOP APOTHEKE
ham;Herzlich Willkommen beim RedPoints Programm von SHOP APOTHEKE
ham;Sie haben eine Zahlung an Shop Apotheke B.V. autorisiert
ham;Ihre RedPoints Anmeldung ist noch nicht abgeschlossen
ham;Beleg für Ihre Zahlung an Spotify AB
ham;Gute Nachrichten - Ihre Bestellung wurde versandt!
ham;Ihre Bestellung von SHOP-APOTHEKE erreicht Sie schon bald
ham;Rechnung für Ihre Bestellung bei SHOP APOTHEKE
ham;OTTO-Kundenkonto: Bitte E-Mail-Adresse bestätigen.
ham;Vielen Dank für deine Bestellung.
ham;Depotauszug 2021 für GG026693
ham;Deine Rechnung von OTTO
ham;Deine Bestellung wurde versendet.
ham;Passwort vergessen?
ham;Willkommen bei Lieferando.de
ham;Beleg für Ihre Zahlung an Takeaway.com Payments B.V.
ham;Beleg für Ihre Zahlung an Takeaway.com Payments B.V.
ham;Vielen Dank für Deine Bestellung bei Mike's Pizza & Burger!
ham;Anstehende Änderungen der AGB von PayPal
ham;Beleg für Ihre Zahlung an Apple Services
ham;Beleg für Ihre Zahlung an Netflix.com
ham;Deine Rechnung von Apple
ham;Gebührenfrei Mastercard Gold - Rechnung 03.03.2022
ham;Deine Rücksendung an OTTO
ham;Rücksendung erfolgreich bearbeitet
ham;Beleg für Ihre Zahlung an Spotify AB
ham;Beleg für Ihre Zahlung an Takeaway.com Payments B.V.
ham;Beleg für Ihre Zahlung an Takeaway.com Payments B.V.
ham;PlayStation Plus: Anstehende Zahlung
ham;Wir werden Ihre Bestellung bei Dartshopper.de schon bald versenden.
ham;Wir werden Ihre Bestellung ORDD415677 bei Dartshopper.de schon bald versenden.
ham;Beleg für Ihre Zahlung an Dartshopper.nl
ham;Ihre Bestellung ist eingegangen
ham;Ihre Bestellung ORDD415677 ist versandbereit
ham;Ihre Bestellung wurde versandt
ham;Sie haben eine Zahlung gesendet
ham;Beleg für Ihre Zahlung an Takeaway.com Payments B.V.
ham;Beleg für Ihre Zahlung an Takeaway.com Payments B.V.
ham;Vielen Dank für Deine Bestellung bei Mike's Pizza & Burger!
ham;DHL ist auf dem Weg
ham;Ihre Bestellung ORDD415677 wurde zugestellt
ham;Beleg für Ihre Zahlung an Netflix.com
ham;Gebührenfrei Mastercard Gold - Rechnung 03.04.2022
ham;Beleg für Ihre Zahlung an Takeaway.com Payments B.V.
spam;Ihr Lufthansa Gutschein im Wert von 500 €!
spam;Hast du Lust auf ein paar schöne Stunden mit mir?
spam;43 Mio. diesen Mittwoch: 12x LOTTO 6aus49 für nur 1 €
spam;Tausende Frauen zum online Flirten!
spam;Ich suche einen Mann, der Lust auf entspannte Treffen
spam;Finden Sie den passenden Treppenlift
spam;Ihre Zahnarztkosten: Bis zu 100% vom Testsieger erstatten lassen
spam;Nur jetzt: Top Rate
spam;Attraktive Singles warten auf Dich 
spam;Lust auf eine geile Zeit zusammen?
spam;Ich bin Single, offen für alles und freue mich auf deine Nachtricht
spam;Hey und Willkommen
spam;43 Mio. diesen Mittwoch: 12x LOTTO 6aus49 für nur 1 €
spam;Mei.Berg Opening 06.2022 – Premium view.Appartements in Saalbach Hinterglemm
spam;Neuer aufregender Club für Leute, die andere Gleichgesinnte treffen wollen.
spam;Attraktive Frauen warten auf Dich 
spam;Können wir direkt auf den Punkt kommen?
spam;Jetzt Top-Zahnschutz plus 15-Euro-Gutschein sichern!
spam;Hauspreise gehen durch die Decke
spam;Immobilien-Teilverkauf - finanzielle Freiheit sichern
spam;ab 0,68% - Einfach Kredit ablösen und bares Geld sparen
spam;ab 333 € - 4 Nächte Mallorca & Flug
spam;-20% auf alles – Die SKINY Shopping Days sind da!
spam;Doppelt sparen: 25% Rabatt & Versandkostenfrei
spam;Eine Kapsel ist genug: jeder wird vor eindruck verstummen
spam;Jetzt können Sie unsere neuen Seiten kostenlos ausprobieren!
spam;Du hast gewonnen: Deine Super-Chance auf 45 Mio. bei LOTTO 6aus49
spam;Was denkst du?
spam;Du hast gewonnen: Deine Super-Chance auf 45 Mio. bei LOTTO 6aus49
spam;Finde Deine Traumpartnerin 
spam;Junges wildes Ding sucht Spass
spam;Entdecke die Hansestädte
spam;Das Clubhaus öffnet seine Tore!
spam;Immobilienpreise auf Rekordhoch
spam;Ich will ein wildes Abenteur erleben! Na, jemand Lust?
spam;60-fach höhere Gewinnchancen – Jetzt 5 Euro Bonus sichern
spam;Möchten Sie sich unserer Sondergruppe anschließen?
spam;Ich bin hier um etwas Spaß
spam;Reminder: Persönliches Angebot Nr. SMA/7001470537
spam;72€ Startguthaben + Zusatzkarte geschenkt,
spam;4.000 Euro Zuschuss sichern - Jetzt informieren
spam;Du hast gewonnen: Deine Super-Chance auf 45 Mio. bei LOTTO 6aus49
spam;wibo-Elektroheizungen - Nur 12min. Strombedarf pro Heizstunde!
spam;45 Mio. diesen Samstag: 12x LOTTO 6aus49 für nur 1€
spam;Bin ganz anders als du vielleicht vermutest
spam;Maroni-prämierter Rotwein für Sie 48% günstiger und versandkostenfrei
spam;Hast du Bock auf Sex mit mir? 
spam;Kaiserin sucht also ihren Kaiser.
spam;Es wurde eine neue Webgruppe für diskrete Termine erstellt. Wirst Du Mitglied?
spam;Unternehmerwissen von lexoffice - Lesen, durchstarten und 50% Rabatt sichern!
spam;Neuer aufregender Club für dating
spam;45 Mio € am Samstag - Jetzt 10 Felder für 1€ spielen!
spam;Für einen Mann gebe ich alles!
spam;Schadensersatz im Abgasskandal? Überprüfen lohnt sich
spam;20€ Gutschein für Mode, Schuhe, Schmuck & mehr!
spam;Diskrete Affäre gesucht?
spam;Entdecken Sie die toskanische Leidenschaft in 12 Flaschen (für nur 39,00 €) zum Entkorken zu allen Anlässen
spam;Hallo, ich suche einen Mann für schöne Stunden und viel mehr
spam;Nur zu Ostern: 30% Gutschein für Druckerpatronen & Toner
spam;Ich brauche dringend einen Mann für mich!
spam;Tausende Frauen zum online Flirten!
spam;Ihr McAfee-Abonnement ist heute ABGELAUFEN Wed,30 Mar-2022
spam;Der Bitcoin-Wert wird steigen, investieren Sie jetzt, bevor Sie etwas verpassen
spam;Ihre Lizenz ist heute abgelaufen Wed,30 Mar-2022
spam;Olaf Scholz forderte alle in Deutschland auf, diese grobe Chance zu nutzen
spam;Ihr McAfee-Abonnement ist heute ABGELAUFEN Wed,30 Mar-2022
spam;Läuft heute ab
spam;Geschenk von Red Bull : RedBull PRODUKTPAKET UND Mini Kühlschrank im Gesamtwert von 500€!
spam;Geschenk von Red Bull : RedBull PRODUKTPAKET UND Mini Kühlschrank im Gesamtwert von €500!
spam;Ihre Chance
spam;Kaufen Sie jetzt Krypto und Sie ko.
spam;Kaufen Sie jetzt Krypto und Sie könnten Ihr Geld innerhalb von ein paar Monaten verdoppeln
spam;Bundesfinanzminister Christian Lindner unterstützt Kryptowährungen
spam;Kaufen Sie jetzt Krypto und Sie könnten Ihr Geld innerhalb von ein paar Monaten verdoppeln
spam;Ihr McAfee-Abonnement ist heute ABGELAUFEN Fri,01 Apr-2022
spam;BTC soll bis 2025 immer noch 100.000 $ wert sein. Kaufen Sie jetzt, solange der Wert niedrig ist
spam;können wir Sie nicht mehr schützen, nachdem das Abonnement Ihrer Software abgelaufen ist MCAFEE #3863584
spam;Die Deutschen verdienen millionen von Euros von zu Hause aus – aber ist das auch legal?
spam;Benjamin Hofmann kündigte auf DE News ein neues Vermögensschlupfloch
spam;Ihr McAfee-Abonnement ist heute ABGELAUFEN Fri,01 Apr-2022
spam;können wir Sie nicht mehr schützen, nachdem das Abonnement Ihrer Software abgelaufen ist MCAFEE #7799013
spam;Ihr McAfee-Abonnement ist am Samstag, den 2. April 2022 abgelaufen
spam;Verdienen täglich Tausende mit dem Handel mit BTC
spam;Wie ein Student Millionen mit Bitcoin verdient hat
spam;Nicht mehrsprachig?
spam;Ihr McAfee-Abonnement ist heute ABGELAUFEN Sat,02 Apr-2022
spam;Ihr Computer ist mit einem Virus infiziert! Ihr  MCAFEE-Abonnement ist abgelaufen!
spam;Ihr Abonnement für McAfee ist der Ablauf an diesem Tag
spam;Ihr Norton-Abonnement ist am Sunday, den 3. April 2022 abgelaufen
spam;Neue offizielle chinesische Kryptowährung
spam;Ihr McAfee-Abonnement ist heute ABGELAUFEN Sun,03 Apr-2022
spam;Ihr McAfee-Abonnement IST ABGELAUFEN
spam;Was Sun, 03 Apr 2022 06:31:03 -0400 angeht, sind nur noch 7 Plätze übrig
spam;Ihr McAfee-Abonnement ist heute ABGELAUFEN Sun,03 Apr-2022
spam;Investment opportunity of $100,000,000.00 USD
spam;Kaufen Sie den Rückgang des Bitcoin-Werts und erzielen Sie enorme Gewinnrenditen aus der Erholung
spam;Ihr Abonnement von McAfee Protection ist abgelaufen - Ihr Konto wird geschlossen
spam;McAfee-Abonnement ist heute abgelaufen Mon,04 Apr-2022 ! Ihre Geräte sind gefährdet.
spam;You Urgent Attention Is Needed Today
spam;Schützen Sie sich jetzt online!
spam;-Ihr McAfee-Abonnement ist heute ABGELAUFEN 04-04-2022
spam;Sehr geehrter Norton-Benutzer, Ihr Abonnement ist abgelaufen. Erneuern Sie es jetzt!
spam;McAfee-Abonnement ist heute abgelaufen Mon,04 Apr-2022 ! Ihre Geräte sind gefährdet.
spam;Wir können Ihren PC, der mit 189-VIREN infiziert ist, nicht mehr schützen, wenn das Abonnement ABGELAUFEN ist
spam;Setzen Sie Ihre Gesundheit nicht aufs Spiel
spam;Schützen Sie sich jetzt online!
spam;Ihr McAfee-Abonnement ist heute ABGELAUFEN ! 05-04-2022
spam;11.000 Euro in 42 Tagen - lernen Sie
spam;Schützen Sie Ihr digitales Leben und erneuern Sie Ihr McAfee-Abonnement
spam;𝘔ö𝘤𝘩𝘵𝘦𝘯 𝘚𝘪𝘦 40.000 𝘪𝘯 7 𝘛𝘢𝘨𝘦𝘯 𝘷𝘰𝘯 𝘻𝘶 𝘏𝘢𝘶𝘴𝘦 𝘢𝘶𝘴 𝘷𝘦𝘳𝘥𝘪𝘦𝘯𝘦𝘯?
spam;Reaktivieren Sie jetzt Ihr Norton Anti-Virus-Abonnement!
spam;Wir können Ihren PC, der mit 189-VIREN infiziert ist, nicht mehr schützen, wenn das Abonnement ABGELAUFEN ist
spam;NATWEST BANK PLC,
spam;Ihr McAfee-Abonnement IST ABGELAUFEN
spam;Wir können Ihren PC, der mit 189-VIREN infiziert ist, nicht mehr schützen, wenn das Abonnement ABGELAUFEN ist
spam;€200 WILLKOMMENSBONUS
spam;ALARM Ihr Norton-Abonnement ist abgelaufen. Ihre Geräte sind anfällig für Malware.
spam;BESTELLEN SIE JETZT UND SICHERN SIE SICH EINEN RABATT VON 70 %
spam;Holen Sie sich jetzt Ultra Heater 3!
spam;Wir können Ihren PC, der mit 189-VIREN infiziert ist, nicht mehr schützen, wenn das Abonnement ABGELAUFEN ist
spam;Ihr McAfee-Abonnement IST ABGELAUFEN
spam;Werden Sie in 7 Tagen reich an Bitcoin
spam;-Ihr Computer ist mit (168) Viren infiziert! Ihr Mcafee-Abonnement ist abgelaufen!
spam;Ihr McAfee-Abonnement ist abgelaufen Freitag, 7. April 2022
spam;Ihr McAfee-Abonnement IST ABGELAUFEN
spam;Ihr McAfee-Abonnement ist heute ABGELAUFEN Fri,08 Apr-2022
spam;Du gehst immer noch nicht 
spam;Dein Konto ist fast eingerichtet: Letzter Schritt
spam;Du gehst immer noch nicht 
spam;Der neue Trend
spam;Jetzt in Bitcoin zu investieren, ist die vernünftigste Wahl, um große Renditen zu erzielen
spam;Auto bewerten in wenigen Schritten
spam;Mit remind.me sicher durch die Energiekrise kommen - die besten Strom- und Gastarife
spam;Was kosten neue Fenster im Frühling?
spam;E-Bike World Tour im Juni
spam;Lohnt sich eine Solaranlage? Jetzt herausfinden
spam;Die Top-Performer auf einen Blick - gratis
spam;Gönn dir was
spam;die 150. SKL - wir schenken Ihnen 15,- € für den ersten Spielmonat
spam;Blasenschwäche? Jetzt Versandkosten sparen
spam;Jetzt reicht's! 60% Rabatt auf Top Marken
spam;Lassen Sie Ihre Reiseträume mit Secret Escapes wahr werden!
spam;5+ Kilos in 1 Woche Abnehmen, Viele Männer und Frauen sagen, es sei eine Magie!
spam;Schadensersatz im Abgasskandal? Überprüfen lohnt sich
spam;Ihr Anspruch auf Schadensersatz
spam;Treffen Sie jemanden kostenlos aus Ihrer Nähe!
spam;10. Geburtstag von brillen.de - Spare 69 Euro mit dem Jubiläumsrabatt
spam;Zeit dein Auto zu bewerten, jede Marke, jedes Modell!
spam;Ein Sommer voller Erlebnisse im Mia Alpina
spam;ab 299€ - 1 Woche Mallorca und Flug
spam;Lagerräumung: 25% auf alles + Gratisversand
spam;Venenleiden? Tun Sie endlich etwas!
spam;Einfach zum Bestpreis - Ohne Zusatzkosten!
spam;Förder-Check: Bis zu 16.000€ Zuschuss für Treppenlifte - ein Service von be Around
spam;Garantiert: Immer im besten Stromtarif mit dem remind.me Wechselassistenten!
spam;Zahlungsverzug (Bitte pruefen Sie dies heute)
spam;Jetzt wieder mit Minuszins Aktion - zahlen Sie weniger zurück
spam;Jetzt den Wert Ihrer Immobilie berechnen
spam;Die 10 besten Kreuzfahrten in 2022 – ab € 599
spam;Gebührenfrei, inkl. Apple Pay & Google Pay™ in 5 Min. abschließen
spam;Entdecke diese beliebten Restaurants
spam;Da staunen die Nachbarn - Solaranlage ohne Anschaffungskosten
spam;Ihr persönliches Smava Angebot
spam;Jetzt reicht's! 60% Rabatt auf Top Marken
spam;Auszeit deluxe: Hotelgutschein für 2 Personen und mehr
spam;Dieselskandal: Sie haben ein Recht auf Entschädigung!
spam;Gebührenfrei, inkl. Apple Pay & Google Pay™ in 5 Min. abschließen
spam;Midseason Sale bei CALIDA
spam;50% Rabatt auf 6 Jubiläumsweine + GRATIS Gläser-Set
spam;Preise in Deutschland steigen: Jetzt Immobilienwert berechnen
spam;Das neue Galaxy S22 Ultra mit 20 GB Daten
spam;BIENVENUE SUR DIGITAL FINANCE BANK
spam;15 Euro Gutschein: Jetzt für ein Leben ohne Schmerzen einlösen
spam;Kostenlose Zusatzkarte für Ihre American Express® Card,  
spam;15€ geschenkt! Öffnen, Gutschein sichern, sparen!
spam;Kostenlose Immobilienbewertung
spam;Rundumschutz für alle Missgeschicke
spam;Inkassoauftrag vom
spam;Urlaub der Extraklasse im 4*S Hotel direkt am Achensee
spam;Global Sourcing – Geänderte Spielregen I Procurement as a Service
spam;Alleman an Bord des Glück-Zuges!
spam;12x LOTTO 6aus49 für nur 1€
spam;12 Flaschen Montepulciano zum Preis von 6
spam;Wenn Sie Endurancer erst einmal ausprobiert haben.
spam;Finanzielle Absicherung bei einer Krebserkrankung
spam;ab 399 Euro - Panorama pur: 6 Tage Urlaub Amalfiküste mit Flug
spam;Dein Partner beim Autoverkauf!
spam;Die Zeit läuft: Bis zu 45€ Rabatt nur noch 7 Tage gültig, Herr 
spam;12x LOTTO 6aus49 für nur 1€
spam;158 Mio. diesen Freitag bei EuroMillions
spam;Curabox: Formular zur Beantragung kostenloser
spam;12x LOTTO 6aus49 für nur 1€
spam;15% auf bequeme Hallux-Schuhe
spam;10. Geburtstag von brillen.de - Spare 69 Euro mit dem Jubiläumsrabatt
spam;ab 299 € - 6 Tage Amalfiküste und Flug
spam;Du suchst ein neues Auto?
spam;Tamaris bis -70% | Boots, Sneaker, Ballerinas uvm.
spam;Immobilienpreise auf Rekordhöhe – Was ist Ihr Haus wert?
spam;PKV muss Beiträge zurückzahlen!
spam;The North Face SALE: bis -70% & 10€ Gutschein
spam;Unwiderstehlicher Montepulciano für Sie 56% günstiger und versandkostenfrei
spam;Lagerräumung: 25% auf alles + Gratisversand
spam;Hammerpreise für Ihr Haus - Jetzt Wert erfahren
spam;Noch bis 01.05. absichern und Gutschein erhalten
spam;Zeit dein Auto zu bewerten, jede Marke, jedes Modell!
spam;Herzlichen Glückwunsch!
spam;15€ geschenkt! Öffnen, Gutschein sichern, sparen!
spam;Reminder: Persönliches Angebot Nr. SMA/7001470537
spam;Ein Top-Zins für alle!
spam;Das Clubhaus öffnet seine Tore!
spam;Gemeinsam gewinnen ist ganz einfach – Schnell anmelden!
spam;Das Clubhaus öffnet seine Türen! 
spam;25% Gutschein für Druckerpatronen und Toner
spam;Jetzt Top-Zahnschutz plus 15-Euro-Gutschein sichern!
spam;20€ Gutschein für Mode mit italienischem Flair
spam;15€ Rabatt - Ihr persönlicher Gutschein wartet auf Sie
spam;Ihr persönliches Darlehen
spam;Experten sprachlos: Hier lohnt sich ein Immobilienverkauf
spam;Der Kollagen-Booster für Ihre Gelenke, Herr
spam;137,5 Mio. diesen Samstag: 6x SuperLotto für nur 1 €
spam;5+ Kilos in 1 Woche Abnehmen, Viele Männer und Frauen sagen, es sei eine Magie!
spam;4.000 Euro Zuschuss sichern - Jetzt informieren
spam;Probieren Sie uns jetzt kostenlos aus!
spam;Deine 25 Chancen auf 2.500€ Sofortgewinn
spam;Ihre Immobilien-Verkaufsangebote für Ihre Region
spam;Jetzt den Wert Ihrer Immobilie berechnen
spam;Gratis zu dir geliefert
spam;Kelsi hat dich eingeladen, ihre Fotogalerie anzusehen
spam;Das neue Diätwunder
spam;Nur noch kurze Zeit: 60% auf Druckerpatronen für Canon, Dell, HP usw.
spam;Feste Zähne für 76 EUR
spam;Jetzt Kredit beantragen und direkt Urlaub buchen
spam;Mit wenigen Klicks zu Ihrem Schadensersatz im Dieselskandal
spam;Wie hoch sind die Zuschüsse aktuell? - ein Service von be Around
spam;Lohnt sich eine Solaranlage? Jetzt herausfinden
spam;Ab sofort auf der sicheren Seite
spam;ab 0,68% - Einfach Kredit ablösen und bares Geld sparen
spam;Mei.Berg Opening 06.2022 – Premium view.Appartements in Saalbach Hinterglemm
spam;Starten Sie in den Frühling mit Ihrem individuellen Angebot
spam;150 Gutschrift für Sky und Netflix sichern
spam;ab 299€ - 6 Tage Amalfiküste & Flug
spam;Zahnzusatzversicherung: jetzt vorsorgen - bei Behandlungen Geld sparen
spam;173 Mio. diesen Dienstag bei EuroMillions
spam;Ihre 50.000 € zum Niedrigzins
spam;Was kosten neue Fenster im Mai?
spam;137,5 Mio. diesen Dienstag: 6x SuperLotto für nur 1€
spam;Lagerräumung: 25% auf alles + Gratisversand
spam;Ich bin wild, sexy und ich habe immer Lust zu flirten
spam;Endlich wieder Spargel: Spare bis zu 80 € auf unsere Kochboxen
spam;Fragen Sie sich, was Ihre Immobilie wert ist?
spam;Ich bin ein hübsches Mädchen und ich interessiere mich für alles
spam;Endlich wieder Spargel: Spare bis zu 80 € auf unsere Kochboxen*!
spam;Wollen wir uns austauschen?
spam;Preise in Deutschland steigen: Jetzt Immobilienwert berechnen
spam;Jetzt kostenfreie Immobilienbewertung anfordern
spam;Testen Sie Hörgeräte in Ihrer Region
spam;Der kostenlose Treppenlift-Anbieter-Vergleich
spam;Aktiv am Klopeiner See in Kärnten – willkommen im Hotel MARKO!
spam;Dein persönlicher 25% Gutschein
spam;Druckerpatronen im Spar-Set mit bis zu 60% Rabatt
spam;. Hier ist dein 250€ McDonald's Gutschein
spam;3,5 Mio. € im Mai! Nur noch bis zum 03.05. anmelden
spam;Schadensersatz im Abgasskandal? Überprüfen lohnt sich
spam;Das bekommen Sie für Ihre Immobilie
spam;4+ Kilos in 1 Woche Abnehmen, Viele sagen, es sei eine Magie!
spam;Nicht verpassen, bis zu 90 € Rabatt auf die Nr.1 Kochbox in Deutschland! 
spam;Letzte Warnung
spam;3 Ausgaben GEO lesen und Reisetaschen-Set sichern!
spam;Ab 299 Euro - Panorama pur: 6 Tage Urlaub Amalfiküste mit Flug
spam;Wirbel um geheime Putin-Söhne Polizeiauto rast Fußballer tot Falscher Priester schockt Queen Elizabeth
spam;Nur jetzt: Top Rate
spam;Unternehmerwissen von lexoffice - Lesen, durchstarten und 50% Rabatt sichern!
spam;Revolutionär Abnehmen mit FastySlim
spam;, Ihr Tesla wartet auf Sie!
spam;Verkaufen Sie Ihr Auto, bevor die Preise fallen!
spam;195 Mio. diesen Freitag bei EuroMillions
spam;Das „home of lässig“ ist für einen coolen Sommer bereit
spam;Weltweit gebührenfrei zahlen – Barclays Visa für 0€ Jahresgebühr
spam;Nur 159 €: 3 Tage Urlaub im Designhotel mit HP im Sauerland
spam;Wenn Sie Endurancer erst einmal ausprobiert haben....
spam;5+ Kilos in 1 Woche Abnehmen, Viele Männer und Frauen sagen, es sei eine Magie!
spam;Lebenswelten verbessern
spam;Deine 25 Chancen auf 2.500 € Sofortgewinn
spam;Ungezogenem Spass?
spam;Werde Brillentester und spare über 400 Euro!
spam;Ihr Hausnotruf: Soforthilfe rund um die Uhr
spam;Jetzt Ihr Auto zum Top-Preis verkaufen
spam;Wie viel Geld bringt Ihnen der Verkauf Ihrer Immobilie?
spam;Noch nichts zum Muttertag gekauft?
spam;Ankommen in Wagrain-Kleinarl
spam;Dein persönlicher 25% Gutschein
spam;Immobilien-Teilverkauf - finanzielle Freiheit sichern
spam;25% Gutschein für Druckerpatronen und Toner
spam;Autoversicherung von Verti schon ab 8,24 €/ Monat
spam;Ihr persönliches Darlehen
spam;Wissen Sie, was Ihre Immobilie wert ist?
spam;Ihr Geld steht zur Auszahlung bereit
spam;Reminder: Persönliches Angebot Nr. SMA/7001470537
spam;Von der Almhütte zur Haubenküche
spam;12x LOTTO 6aus49 für nur 1 €
spam;Diese Baufinanzierung passt genau zu Ihnen
spam;Traumziele am Mittelmeer zu Top-Rabatten
spam;Neue Traumküche mit Küche&Co!
spam;12x LOTTO 6aus49 für nur 1 €
spam;SCM-Experteninterview I Gasembargo I BMWs Lösung beim Lieferkettengesetz
spam;Hemden für 49 €. Details entscheiden. Immer.
spam;Sichern Sie sich tägliche Gewinnchancen!
spam;Herzlich willkommen
spam;Geld sparen mit einer Zahnzusatzversicherung
spam;Erfolgsgeschichte im Dieselskandal: Profitieren jetzt auch Sie!
spam;Ihr Anspruch auf Schadensersatz
spam;ab 199 € - 5 Tage Korsika im Strandhotel
spam;Der Turbo-Fettverbrenner - Nehmen Sie bis zu 1kg am Tag ab
spam;Hier kostenlos registrieren und Testhörer werden
spam;12x LOTTO 6aus49 für nur 1 €
spam;Schmerzende Knie? Wir haben die Lösung für Sie!
spam;-20% Rabatt auf alle Bike-Produkte
spam;12x LOTTO 6aus49 für nur 1 €
spam;Neue Entwicklungen - Jetzt Geld zurückfordern
spam;Seeluft schnuppern: Naturerlebnis Ostsee
spam;Hey und Willkommen
spam;6 Weißweine mit 46% Rabatt + Gratis Gläser-Set
spam;Sommer im Bregenzerwald: TOP-Angebote für Wander-, Kultur- & Kulinarikliebhaber!
spam;30% Rabatt & gratis Rucksack zum Muttertag
spam;Ihr Solar-Angebot
spam;Inkassoauftrag
spam;Sparen Sie Geld mit unseren Tankkarten
spam;3 €-Gutschein: freigeschaltet
spam;Immobilienpreis-Boom: Lohnt sich der Verkauf in Ihrer Region?
spam;Für Ihre Zähne den besten Schutz!
spam;Mit nur 2 Kapseln ANANASLIM pro Tag  verlieren Sie Gewicht, schnell und effektiv
spam;3 Ausgaben GEO lesen und Reisetaschen-Set sichern!
spam;Zahnzusatzversicherung: Gutschein nur noch 2 Tage gültig
spam;4+ Kilos in 1 Woche Abnehmen, Viele sagen, es sei eine Magie!
spam;10.000 Brillentester gesucht - jetzt anmelden!
spam;Ihre 50.000 € zum Niedrigzins
spam;Jetzt Singles in der Nähe finden
spam;Warum Sie diese Warnzeichen Ihrer Prostata nicht ignorieren dürfen Herr 
spam;Was kosten neue Fenster im Mai?
spam;Warum Sie diese Warnzeichen Ihrer Prostata nicht ignorieren dürfen
spam;Herzlich willkommen
spam;Endlich wieder Spargel: Spare bis zu 80 € auf unsere Kochboxen